Vehicle ID,State,Repair,Reason,YEAR,Make,Body Type
15241383936,AL,Battery replacement,Dead battery,2016,RAM,"1500 4WD Quad Cab 140.5"" SLT"
15241383936,AL,Dent Repair Left Fender,Collision,2016,RAM,"1500 4WD Quad Cab 140.5"" SLT"
60965535744,AL,Battery replacement,Dead battery,2016,RAM,"1500 4WD Quad Cab 140.5"" SLT"
60965535744,AL,Tire repair,Flat- reparable,2016,RAM,"1500 4WD Quad Cab 140.5"" SLT"
60965535744,AL,Tire replacement,Flat- hole not reparable,2016,RAM,"1500 4WD Quad Cab 140.5"" SLT"
1.37E+11,AL,Battery replacement,Dead battery,2017,Chevrolet Silverado,"1500 4WD Double Cab 143.5"" LT w/1LT"
1.37E+11,AL,Windshield replacement,Crack,2017,Chevrolet Silverado,"1500 4WD Double Cab 143.5"" LT w/1LT"
2.44E+11,AL,Dent Repair Rear,Collision,2019,RAM,"1500 Classic SLT 4X2 Crew Cab 6'4"" Box"
3.81E+11,AR,Windshield replacement,Crack,2016,RAM,"1500 4WD Quad Cab 140.5"" SLT"
5.49E+11,AR,Tire repair,Flat- reparable,2016,RAM,"1500 4WD Quad Cab 140.5"" SLT"
5.49E+11,AR,Windshield replacement,Crack,2016,RAM,"1500 4WD Quad Cab 140.5"" SLT"
7.47E+11,AR,Battery replacement,Dead battery,2017,Chevrolet Silverado,"1500 4WD Double Cab 143.5"" LT w/1LT"
7.47E+11,AR,Dent Repair Left Fender,Collision,2017,Chevrolet Silverado,"1500 4WD Double Cab 143.5"" LT w/1LT"
7.47E+11,AR,Tire repair,Flat- reparable,2017,Chevrolet Silverado,"1500 4WD Double Cab 143.5"" LT w/1LT"
7.47E+11,AR,Tire replacement,Flat- hole not reparable,2017,Chevrolet Silverado,"1500 4WD Double Cab 143.5"" LT w/1LT"
9.75E+11,AR,Tire replacement,Flat- hole not reparable,2018,Chevrolet Silverado,"1500 2WD Double Cab 143.5"" LT w/1LT"
1.23E+12,AR,Tire replacement,Flat- hole not reparable,2018,RAM,"1500 SLT 4X2 Quad Cab 6'4"" Box"
1.52E+12,AR,Tire replacement,Flat- hole not reparable,2019,RAM,"1500 Classic SLT 4X2 Crew Cab 6'4"" Box"
1.84E+12,AZ,Battery replacement,Dead battery,2016,RAM,"1500 4WD Quad Cab 140.5"" SLT"
1.84E+12,AZ,Tire repair,Flat- reparable,2016,RAM,"1500 4WD Quad Cab 140.5"" SLT"
1.84E+12,AZ,Windshield replacement,Crack,2016,RAM,"1500 4WD Quad Cab 140.5"" SLT"
2.19E+12,AZ,Tire repair,Flat- reparable,2016,RAM,"1500 4WD Quad Cab 140.5"" SLT"
2.19E+12,AZ,Tire replacement,Flat- hole not reparable,2016,RAM,"1500 4WD Quad Cab 140.5"" SLT"
2.58E+12,AZ,Battery replacement,Dead battery,2017,Chevrolet Silverado,"1500 4WD Double Cab 143.5"" LT w/1LT"
2.58E+12,AZ,Tire repair,Flat- reparable,2017,Chevrolet Silverado,"1500 4WD Double Cab 143.5"" LT w/1LT"
2.58E+12,AZ,Tire replacement,Flat- hole not reparable,2017,Chevrolet Silverado,"1500 4WD Double Cab 143.5"" LT w/1LT"
2.99E+12,AZ,Tire repair,Flat- reparable,2018,Chevrolet Silverado,"1500 2WD Double Cab 143.5"" LT w/1LT"
2.99E+12,AZ,Tire replacement,Flat- hole not reparable,2018,Chevrolet Silverado,"1500 2WD Double Cab 143.5"" LT w/1LT"
3.43E+12,AZ,Dent Repair Left Fender,Collision,2018,RAM,"1500 SLT 4X2 Quad Cab 6'4"" Box"
3.43E+12,AZ,Tire repair,Flat- reparable,2018,RAM,"1500 SLT 4X2 Quad Cab 6'4"" Box"
3.43E+12,AZ,Tire replacement,Flat- hole not reparable,2018,RAM,"1500 SLT 4X2 Quad Cab 6'4"" Box"
3.90E+12,AZ,Tire repair,Flat- reparable,2019,Chevrolet Silverado,1500 LD 4WD Double Cab LT w/1LT
3.90E+12,AZ,Tire replacement,Flat- hole not reparable,2019,Chevrolet Silverado,1500 LD 4WD Double Cab LT w/1LT
4.40E+12,AZ,Tire repair,Flat- reparable,2019,RAM,"1500 Classic SLT 4X2 Crew Cab 6'4"" Box"
4.94E+12,CA,Windshield replacement,Crack,2016,RAM,"1500 4WD Quad Cab 140.5"" SLT"
5.50E+12,CA,Windshield replacement,Crack,2016,RAM,"1500 4WD Quad Cab 140.5"" SLT"
6.10E+12,CA,Fender replacement,Rust,2016,RAM,"1500 4WD Quad Cab 140.5"" SLT"
6.10E+12,CA,Windshield replacement,Crack,2016,RAM,"1500 4WD Quad Cab 140.5"" SLT"
6.72E+12,CA,Dent Repair Left Fender,Collision,2018,Chevrolet Silverado,"1500 2WD Double Cab 143.5"" LT w/1LT"
7.38E+12,CA,Wheel Arch,Rust,2018,RAM,"1500 SLT 4X2 Quad Cab 6'4"" Box"
8.06E+12,CA,Dent Repair Rear,Collision,2019,Chevrolet Silverado,1500 LD 4WD Double Cab LT w/1LT
8.78E+12,CA,Dent Repair Left Fender,Collision,2019,RAM,"1500 Classic SLT 4X2 Crew Cab 6'4"" Box"
9.53E+12,CO,Windshield replacement,Crack,2016,RAM,"1500 4WD Quad Cab 140.5"" SLT"
1.03E+13,CO,Windshield replacement,Crack,2016,RAM,"1500 4WD Quad Cab 140.5"" SLT"
1.11E+13,CO,Battery replacement,Dead battery,2016,RAM,"1500 4WD Quad Cab 140.5"" SLT"
1.11E+13,AZ,Tire replacement,Flat- hole not reparable,2019,RAM,"1500 Classic SLT 4X2 Crew Cab 6'4"" Box"
1.11E+13,CO,Windshield replacement,Crack,2016,RAM,"1500 4WD Quad Cab 140.5"" SLT"
1.19E+13,CO,Windshield replacement,Crack,2017,Chevrolet Silverado,"1500 4WD Double Cab 143.5"" LT w/1LT"
1.28E+13,CO,Battery replacement,Dead battery,2017,Chevrolet Silverado,"1500 4WD Double Cab 143.5"" LT w/1LT"
1.37E+13,CO,Tire repair,Flat- reparable,2017,Chevrolet Silverado,"1500 4WD Double Cab 143.5"" LT w/1LT"
1.46E+13,CO,Tire repair,Flat- reparable,2018,RAM,"1500 SLT 4X2 Quad Cab 6'4"" Box"
1.56E+13,CO,Dent Repair Left Fender,Collision,2019,Chevrolet Silverado,1500 LD 4WD Double Cab LT w/1LT
1.56E+13,CO,Windshield replacement,Crack,2018,RAM,"1500 SLT 4X2 Quad Cab 6'4"" Box"
1.66E+13,CT,Brake line replacement,Corrosion,2016,RAM,"1500 4WD Quad Cab 140.5"" SLT"
1.66E+13,CT,Fuel tank,Hole,2016,RAM,"1500 4WD Quad Cab 140.5"" SLT"
1.66E+13,CT,Wheel Arch,Rust,2016,RAM,"1500 4WD Quad Cab 140.5"" SLT"
1.76E+13,CT,Brake line replacement,Corrosion,2016,RAM,"1500 4WD Quad Cab 140.5"" SLT"
1.76E+13,CT,Cab corner panel,Rust,2016,RAM,"1500 4WD Quad Cab 140.5"" SLT"
1.87E+13,CT,Brake line replacement,Corrosion,2016,RAM,"1500 4WD Quad Cab 140.5"" SLT"
1.87E+13,CT,Fender replacement,Rust,2016,RAM,"1500 4WD Quad Cab 140.5"" SLT"
1.98E+13,CT,Brake line replacement,Corrosion,2016,RAM,"1500 4WD Quad Cab 140.5"" SLT"
1.98E+13,CT,Shocks,Rust,2016,RAM,"1500 4WD Quad Cab 140.5"" SLT"
1.98E+13,CT,Struts,Rust,2016,RAM,"1500 4WD Quad Cab 140.5"" SLT"
2.09E+13,CT,Brake line replacement,Corrosion,2017,Chevrolet Silverado,"1500 4WD Double Cab 143.5"" LT w/1LT"
2.09E+13,CT,Fuel tank,Corrosion,2017,Chevrolet Silverado,"1500 4WD Double Cab 143.5"" LT w/1LT"
2.20E+13,CT,Brake line replacement,Corrosion,2017,Chevrolet Silverado,"1500 4WD Double Cab 143.5"" LT w/1LT"
2.20E+13,CT,Rocker Panel,Rust,2017,Chevrolet Silverado,"1500 4WD Double Cab 143.5"" LT w/1LT"
2.32E+13,CT,Brake line replacement,Corrosion,2017,Chevrolet Silverado,"1500 4WD Double Cab 143.5"" LT w/1LT"
2.44E+13,CT,Brake line replacement,Corrosion,2017,Chevrolet Silverado,"1500 4WD Double Cab 143.5"" LT w/1LT"
2.56E+13,CT,Brake line replacement,Corrosion,2017,Chevrolet Silverado,"1500 4WD Double Cab 143.5"" LT w/1LT"
2.69E+13,CT,Brake line replacement,Corrosion,2017,Chevrolet Silverado,"1500 4WD Double Cab 143.5"" LT w/1LT"
2.82E+13,CT,Brake line replacement,Corrosion,2017,Chevrolet Silverado,"1500 4WD Double Cab 143.5"" LT w/1LT"
2.95E+13,CT,Dent Repair Rear,Collision,2018,RAM,"1500 SLT 4X2 Quad Cab 6'4"" Box"
3.09E+13,CT,Fuel tank,Hole,2019,Chevrolet Silverado,1500 LD 4WD Double Cab LT w/1LT
3.23E+13,CT,Brake line replacement,Corrosion,2019,RAM,"1500 Classic SLT 4X2 Crew Cab 6'4"" Box"
3.23E+13,CT,Tire repair,Flat- reparable,2019,RAM,"1500 Classic SLT 4X2 Crew Cab 6'4"" Box"
3.37E+13,DC,Brake line replacement,Corrosion,2016,RAM,"1500 4WD Quad Cab 140.5"" SLT"
3.37E+13,DC,Fuel tank,Corrosion,2016,RAM,"1500 4WD Quad Cab 140.5"" SLT"
3.37E+13,DC,Shocks,Rust,2016,RAM,"1500 4WD Quad Cab 140.5"" SLT"
3.37E+13,DC,Struts,Rust,2016,RAM,"1500 4WD Quad Cab 140.5"" SLT"
3.37E+13,DC,Tire replacement,Flat- hole not reparable,2016,RAM,"1500 4WD Quad Cab 140.5"" SLT"
3.51E+13,DC,Brake line replacement,Corrosion,2017,Chevrolet Silverado,"1500 4WD Double Cab 143.5"" LT w/1LT"
3.51E+13,DC,Cab corner panel,Rust,2017,Chevrolet Silverado,"1500 4WD Double Cab 143.5"" LT w/1LT"
3.51E+13,DC,Fuel tank,Hole,2017,Chevrolet Silverado,"1500 4WD Double Cab 143.5"" LT w/1LT"
3.66E+13,DC,Brake line replacement,Corrosion,2017,Chevrolet Silverado,"1500 4WD Double Cab 143.5"" LT w/1LT"
3.66E+13,DC,Fender replacement,Rust,2017,Chevrolet Silverado,"1500 4WD Double Cab 143.5"" LT w/1LT"
3.66E+13,DC,Rocker Panel,Rust,2017,Chevrolet Silverado,"1500 4WD Double Cab 143.5"" LT w/1LT"
3.66E+13,DC,Wheel Arch,Rust,2017,Chevrolet Silverado,"1500 4WD Double Cab 143.5"" LT w/1LT"
3.81E+13,DC,Brake line replacement,Corrosion,2017,Chevrolet Silverado,"1500 4WD Double Cab 143.5"" LT w/1LT"
3.81E+13,DC,Dent Repair Rear,Collision,2018,Chevrolet Silverado,"1500 2WD Double Cab 143.5"" LT w/1LT"
3.96E+13,DC,Brake line replacement,Corrosion,2017,Chevrolet Silverado,"1500 4WD Double Cab 143.5"" LT w/1LT"
4.12E+13,DC,Brake line replacement,Corrosion,2017,Chevrolet Silverado,"1500 4WD Double Cab 143.5"" LT w/1LT"
4.28E+13,DC,Brake line replacement,Corrosion,2017,Chevrolet Silverado,"1500 4WD Double Cab 143.5"" LT w/1LT"
4.44E+13,DC,Brake line replacement,Corrosion,2017,Chevrolet Silverado,"1500 4WD Double Cab 143.5"" LT w/1LT"
4.61E+13,DC,Brake line replacement,Corrosion,2017,Chevrolet Silverado,"1500 4WD Double Cab 143.5"" LT w/1LT"
4.78E+13,DC,Brake line replacement,Corrosion,2017,Chevrolet Silverado,"1500 4WD Double Cab 143.5"" LT w/1LT"
4.95E+13,DC,Wheel Arch,Rust,2018,RAM,"1500 SLT 4X2 Quad Cab 6'4"" Box"
5.13E+13,DC,Tire replacement,Flat- hole not reparable,2019,Chevrolet Silverado,1500 LD 4WD Double Cab LT w/1LT
5.31E+13,DE,Brake line replacement,Corrosion,2016,RAM,"1500 4WD Quad Cab 140.5"" SLT"
5.31E+13,DE,Dent Repair Left Fender,Collision,2016,RAM,"1500 4WD Quad Cab 140.5"" SLT"
5.49E+13,DE,Brake line replacement,Corrosion,2016,RAM,"1500 4WD Quad Cab 140.5"" SLT"
5.49E+13,DE,Rocker Panel,Rust,2016,RAM,"1500 4WD Quad Cab 140.5"" SLT"
5.67E+13,DE,Brake line replacement,Corrosion,2016,RAM,"1500 4WD Quad Cab 140.5"" SLT"
5.67E+13,DE,Fender replacement,Rust,2016,RAM,"1500 4WD Quad Cab 140.5"" SLT"
5.67E+13,DE,Shocks,Rust,2016,RAM,"1500 4WD Quad Cab 140.5"" SLT"
5.67E+13,DE,Struts,Rust,2016,RAM,"1500 4WD Quad Cab 140.5"" SLT"
5.67E+13,DE,Wheel Arch,Rust,2016,RAM,"1500 4WD Quad Cab 140.5"" SLT"
5.86E+13,DE,Cab corner panel,Rust,2016,RAM,"1500 4WD Quad Cab 140.5"" SLT"
5.86E+13,DE,Dent Repair Left Fender,Collision,2017,Chevrolet Silverado,"1500 4WD Double Cab 143.5"" LT w/1LT"
6.05E+13,DE,Brake line replacement,Corrosion,2017,Chevrolet Silverado,"1500 4WD Double Cab 143.5"" LT w/1LT"
6.05E+13,DE,Fuel tank,Corrosion,2017,Chevrolet Silverado,"1500 4WD Double Cab 143.5"" LT w/1LT"
6.24E+13,DE,Brake line replacement,Corrosion,2017,Chevrolet Silverado,"1500 4WD Double Cab 143.5"" LT w/1LT"
6.24E+13,DE,Fuel tank,Corrosion,2017,Chevrolet Silverado,"1500 4WD Double Cab 143.5"" LT w/1LT"
6.44E+13,DE,Brake line replacement,Corrosion,2017,Chevrolet Silverado,"1500 4WD Double Cab 143.5"" LT w/1LT"
6.44E+13,DE,Fuel tank,Corrosion,2017,Chevrolet Silverado,"1500 4WD Double Cab 143.5"" LT w/1LT"
6.64E+13,DE,Fuel tank,Corrosion,2017,Chevrolet Silverado,"1500 4WD Double Cab 143.5"" LT w/1LT"
6.84E+13,DE,Fuel tank,Corrosion,2017,Chevrolet Silverado,"1500 4WD Double Cab 143.5"" LT w/1LT"
7.05E+13,DE,Fuel tank,Hole,2018,RAM,"1500 SLT 4X2 Quad Cab 6'4"" Box"
7.26E+13,DE,Tire repair,Flat- reparable,2019,Chevrolet Silverado,1500 LD 4WD Double Cab LT w/1LT
7.47E+13,FL,Battery replacement,Dead battery,2016,RAM,"1500 4WD Quad Cab 140.5"" SLT"
7.68E+13,FL,Fender replacement,Rust,2016,RAM,"1500 4WD Quad Cab 140.5"" SLT"
7.68E+13,FL,Tire repair,Flat- reparable,2016,RAM,"1500 4WD Quad Cab 140.5"" SLT"
7.90E+13,FL,Battery replacement,Dead battery,2017,Chevrolet Silverado,"1500 4WD Double Cab 143.5"" LT w/1LT"
7.90E+13,FL,Tire repair,Flat- reparable,2017,Chevrolet Silverado,"1500 4WD Double Cab 143.5"" LT w/1LT"
7.90E+13,FL,Tire replacement,Flat- hole not reparable,2017,Chevrolet Silverado,"1500 4WD Double Cab 143.5"" LT w/1LT"
8.12E+13,FL,Tire repair,Flat- reparable,2018,Chevrolet Silverado,"1500 2WD Double Cab 143.5"" LT w/1LT"
8.12E+13,FL,Tire replacement,Flat- hole not reparable,2018,Chevrolet Silverado,"1500 2WD Double Cab 143.5"" LT w/1LT"
8.35E+13,FL,Dent Repair Left Fender,Collision,2018,RAM,"1500 SLT 4X2 Quad Cab 6'4"" Box"
8.35E+13,FL,Tire repair,Flat- reparable,2018,RAM,"1500 SLT 4X2 Quad Cab 6'4"" Box"
8.35E+13,FL,Tire replacement,Flat- hole not reparable,2018,RAM,"1500 SLT 4X2 Quad Cab 6'4"" Box"
8.35E+13,FL,Wheel Arch,Rust,2018,RAM,"1500 SLT 4X2 Quad Cab 6'4"" Box"
8.57E+13,FL,Tire repair,Flat- reparable,2019,RAM,"1500 Classic SLT 4X2 Crew Cab 6'4"" Box"
8.80E+13,GA,Battery replacement,Dead battery,2016,RAM,"1500 4WD Quad Cab 140.5"" SLT"
9.04E+13,GA,Windshield replacement,Crack,2018,Chevrolet Silverado,"1500 2WD Double Cab 143.5"" LT w/1LT"
9.27E+13,GA,Tire replacement,Flat- hole not reparable,2019,Chevrolet Silverado,1500 LD 4WD Double Cab LT w/1LT
9.51E+13,GA,Tire replacement,Flat- hole not reparable,2019,RAM,"1500 Classic SLT 4X2 Crew Cab 6'4"" Box"
9.51E+13,GA,Windshield replacement,Crack,2019,RAM,"1500 Classic SLT 4X2 Crew Cab 6'4"" Box"
9.75E+13,IA,Cab corner panel,Rust,2016,RAM,"1500 4WD Quad Cab 140.5"" SLT"
9.75E+13,IA,Fender replacement,Rust,2016,RAM,"1500 4WD Quad Cab 140.5"" SLT"
9.75E+13,IA,Shocks,Rust,2016,RAM,"1500 4WD Quad Cab 140.5"" SLT"
9.75E+13,IA,Struts,Rust,2016,RAM,"1500 4WD Quad Cab 140.5"" SLT"
9.75E+13,IA,Tire repair,Flat- reparable,2016,RAM,"1500 4WD Quad Cab 140.5"" SLT"
1.00E+14,IA,Struts,Rust,2016,RAM,"1500 4WD Quad Cab 140.5"" SLT"
1.00E+14,IA,Wheel Arch,Rust,2016,RAM,"1500 4WD Quad Cab 140.5"" SLT"
1.02E+14,IA,Battery replacement,Dead battery,2017,Chevrolet Silverado,"1500 4WD Double Cab 143.5"" LT w/1LT"
1.02E+14,IA,Brake line replacement,Corrosion,2017,Chevrolet Silverado,"1500 4WD Double Cab 143.5"" LT w/1LT"
1.02E+14,IA,Fuel tank,Corrosion,2017,Chevrolet Silverado,"1500 4WD Double Cab 143.5"" LT w/1LT"
1.05E+14,IA,Brake line replacement,Corrosion,2017,Chevrolet Silverado,"1500 4WD Double Cab 143.5"" LT w/1LT"
1.05E+14,IA,Cab corner panel,Rust,2017,Chevrolet Silverado,"1500 4WD Double Cab 143.5"" LT w/1LT"
1.05E+14,IA,Fender replacement,Rust,2017,Chevrolet Silverado,"1500 4WD Double Cab 143.5"" LT w/1LT"
1.05E+14,IA,Fuel tank,Corrosion,2017,Chevrolet Silverado,"1500 4WD Double Cab 143.5"" LT w/1LT"
1.05E+14,IA,Rocker Panel,Rust,2017,Chevrolet Silverado,"1500 4WD Double Cab 143.5"" LT w/1LT"
1.08E+14,IA,Fuel tank,Corrosion,2017,Chevrolet Silverado,"1500 4WD Double Cab 143.5"" LT w/1LT"
1.08E+14,IA,Rocker Panel,Rust,2017,Chevrolet Silverado,"1500 4WD Double Cab 143.5"" LT w/1LT"
1.08E+14,IA,Wheel Arch,Rust,2017,Chevrolet Silverado,"1500 4WD Double Cab 143.5"" LT w/1LT"
1.10E+14,IA,Fuel tank,Corrosion,2017,Chevrolet Silverado,"1500 4WD Double Cab 143.5"" LT w/1LT"
1.13E+14,IA,Fuel tank,Corrosion,2017,Chevrolet Silverado,"1500 4WD Double Cab 143.5"" LT w/1LT"
1.13E+14,IA,Transmission,slips in and out of gear,2018,RAM,"1500 SLT 4X2 Quad Cab 6'4"" Box"
1.15E+14,IA,Fuel tank,Corrosion,2017,Chevrolet Silverado,"1500 4WD Double Cab 143.5"" LT w/1LT"
1.18E+14,IA,Fuel tank,Corrosion,2017,Chevrolet Silverado,"1500 4WD Double Cab 143.5"" LT w/1LT"
1.18E+14,IA,Fuel tank,Hole,2019,RAM,"1500 Classic SLT 4X2 Crew Cab 6'4"" Box"
1.18E+14,IA,Tire replacement,Flat- hole not reparable,2019,RAM,"1500 Classic SLT 4X2 Crew Cab 6'4"" Box"
1.21E+14,ID,Battery replacement,Dead battery,2016,RAM,"1500 4WD Quad Cab 140.5"" SLT"
1.21E+14,ID,Windshield replacement,Crack,2016,RAM,"1500 4WD Quad Cab 140.5"" SLT"
1.23E+14,IA,Fuel tank,Corrosion,2017,Chevrolet Silverado,"1500 4WD Double Cab 143.5"" LT w/1LT"
1.23E+14,ID,Tire repair,Flat- reparable,2017,Chevrolet Silverado,"1500 4WD Double Cab 143.5"" LT w/1LT"
1.26E+14,IA,Fuel tank,Corrosion,2017,Chevrolet Silverado,"1500 4WD Double Cab 143.5"" LT w/1LT"
1.29E+14,ID,Dent Repair Rear,Collision,2019,RAM,"1500 Classic SLT 4X2 Crew Cab 6'4"" Box"
1.29E+14,IA,Fuel tank,Corrosion,2017,Chevrolet Silverado,"1500 4WD Double Cab 143.5"" LT w/1LT"
1.29E+14,ID,Tire replacement,Flat- hole not reparable,2019,Chevrolet Silverado,1500 LD 4WD Double Cab LT w/1LT
1.29E+14,ID,Windshield replacement,Crack,2019,Chevrolet Silverado,1500 LD 4WD Double Cab LT w/1LT
1.32E+14,IL,Cab corner panel,Rust,2016,RAM,"1500 4WD Quad Cab 140.5"" SLT"
1.32E+14,IL,Fuel tank,Corrosion,2016,RAM,"1500 4WD Quad Cab 140.5"" SLT"
1.32E+14,IL,Fuel tank,Hole,2016,RAM,"1500 4WD Quad Cab 140.5"" SLT"
1.32E+14,IL,Shocks,Rust,2016,RAM,"1500 4WD Quad Cab 140.5"" SLT"
1.32E+14,IL,Struts,Rust,2016,RAM,"1500 4WD Quad Cab 140.5"" SLT"
1.32E+14,IL,Wheel Arch,Rust,2016,RAM,"1500 4WD Quad Cab 140.5"" SLT"
1.35E+14,IL,Fender replacement,Rust,2016,RAM,"1500 4WD Quad Cab 140.5"" SLT"
1.35E+14,IL,Fuel tank,Corrosion,2016,RAM,"1500 4WD Quad Cab 140.5"" SLT"
1.35E+14,IL,Rocker Panel,Rust,2016,RAM,"1500 4WD Quad Cab 140.5"" SLT"
1.35E+14,IL,Struts,Rust,2016,RAM,"1500 4WD Quad Cab 140.5"" SLT"
1.38E+14,IL,Fuel tank,Corrosion,2016,RAM,"1500 4WD Quad Cab 140.5"" SLT"
1.40E+14,IL,Fuel tank,Corrosion,2016,RAM,"1500 4WD Quad Cab 140.5"" SLT"
1.43E+14,IL,Fuel tank,Corrosion,2016,RAM,"1500 4WD Quad Cab 140.5"" SLT"
1.46E+14,IL,Fuel tank,Corrosion,2016,RAM,"1500 4WD Quad Cab 140.5"" SLT"
1.49E+14,IL,Fuel tank,Corrosion,2016,RAM,"1500 4WD Quad Cab 140.5"" SLT"
1.52E+14,IL,Fuel tank,Corrosion,2016,RAM,"1500 4WD Quad Cab 140.5"" SLT"
1.55E+14,IL,Brake line replacement,Corrosion,2017,Chevrolet Silverado,"1500 4WD Double Cab 143.5"" LT w/1LT"
1.55E+14,IL,Cab corner panel,Rust,2017,Chevrolet Silverado,"1500 4WD Double Cab 143.5"" LT w/1LT"
1.55E+14,IL,Fuel tank,Corrosion,2017,Chevrolet Silverado,"1500 4WD Double Cab 143.5"" LT w/1LT"
1.55E+14,IL,Rocker Panel,Rust,2017,Chevrolet Silverado,"1500 4WD Double Cab 143.5"" LT w/1LT"
1.59E+14,IL,Brake line replacement,Corrosion,2017,Chevrolet Silverado,"1500 4WD Double Cab 143.5"" LT w/1LT"
1.59E+14,IL,Cab corner panel,Rust,2017,Chevrolet Silverado,"1500 4WD Double Cab 143.5"" LT w/1LT"
1.59E+14,IL,Fender replacement,Rust,2017,Chevrolet Silverado,"1500 4WD Double Cab 143.5"" LT w/1LT"
1.59E+14,IL,Fuel tank,Hole,2017,Chevrolet Silverado,"1500 4WD Double Cab 143.5"" LT w/1LT"
1.62E+14,IL,Battery replacement,Dead battery,2017,Chevrolet Silverado,"1500 4WD Double Cab 143.5"" LT w/1LT"
1.62E+14,IL,Rocker Panel,Rust,2017,Chevrolet Silverado,"1500 4WD Double Cab 143.5"" LT w/1LT"
1.62E+14,IL,Windshield replacement,Crack,2017,Chevrolet Silverado,"1500 4WD Double Cab 143.5"" LT w/1LT"
1.65E+14,IL,Dent Repair Left Fender,Collision,2018,Chevrolet Silverado,"1500 2WD Double Cab 143.5"" LT w/1LT"
1.68E+14,IL,Wheel Arch,Rust,2018,RAM,"1500 SLT 4X2 Quad Cab 6'4"" Box"
1.68E+14,IL,Windshield replacement,Crack,2018,RAM,"1500 SLT 4X2 Quad Cab 6'4"" Box"
1.71E+14,IL,Fuel tank,Hole,2019,Chevrolet Silverado,1500 LD 4WD Double Cab LT w/1LT
1.74E+14,IL,Dent Repair Left Fender,Collision,2019,RAM,"1500 Classic SLT 4X2 Crew Cab 6'4"" Box"
1.74E+14,IL,Tire replacement,Flat- hole not reparable,2019,RAM,"1500 Classic SLT 4X2 Crew Cab 6'4"" Box"
1.78E+14,IN,Battery replacement,Dead battery,2016,RAM,"1500 4WD Quad Cab 140.5"" SLT"
1.78E+14,IN,Fuel tank,Hole,2016,RAM,"1500 4WD Quad Cab 140.5"" SLT"
1.81E+14,IN,Cab corner panel,Rust,2016,RAM,"1500 4WD Quad Cab 140.5"" SLT"
1.81E+14,IN,Fuel tank,Hole,2016,RAM,"1500 4WD Quad Cab 140.5"" SLT"
1.81E+14,IN,Shocks,Rust,2016,RAM,"1500 4WD Quad Cab 140.5"" SLT"
1.84E+14,IN,Fender replacement,Rust,2016,RAM,"1500 4WD Quad Cab 140.5"" SLT"
1.84E+14,IN,Fuel tank,Hole,2016,RAM,"1500 4WD Quad Cab 140.5"" SLT"
1.84E+14,IN,Rocker Panel,Rust,2016,RAM,"1500 4WD Quad Cab 140.5"" SLT"
1.84E+14,IN,Shocks,Rust,2016,RAM,"1500 4WD Quad Cab 140.5"" SLT"
1.84E+14,IN,Struts,Rust,2016,RAM,"1500 4WD Quad Cab 140.5"" SLT"
1.88E+14,IN,Fuel tank,Hole,2016,RAM,"1500 4WD Quad Cab 140.5"" SLT"
1.91E+14,IN,Fuel tank,Hole,2016,RAM,"1500 4WD Quad Cab 140.5"" SLT"
1.95E+14,IN,Brake line replacement,Corrosion,2017,Chevrolet Silverado,"1500 4WD Double Cab 143.5"" LT w/1LT"
1.95E+14,IN,Fuel tank,Corrosion,2017,Chevrolet Silverado,"1500 4WD Double Cab 143.5"" LT w/1LT"
1.98E+14,IN,Battery replacement,Dead battery,2017,Chevrolet Silverado,"1500 4WD Double Cab 143.5"" LT w/1LT"
2.02E+14,IN,Fuel tank,Hole,2017,Chevrolet Silverado,"1500 4WD Double Cab 143.5"" LT w/1LT"
2.05E+14,IN,Fuel tank,Hole,2017,Chevrolet Silverado,"1500 4WD Double Cab 143.5"" LT w/1LT"
2.09E+14,IN,Fuel tank,Hole,2017,Chevrolet Silverado,"1500 4WD Double Cab 143.5"" LT w/1LT"
2.09E+14,IN,Wheel Arch,Rust,2017,Chevrolet Silverado,"1500 4WD Double Cab 143.5"" LT w/1LT"
2.12E+14,IN,Fuel tank,Hole,2017,Chevrolet Silverado,"1500 4WD Double Cab 143.5"" LT w/1LT"
2.16E+14,IN,Dent Repair Rear,Collision,2018,Chevrolet Silverado,"1500 2WD Double Cab 143.5"" LT w/1LT"
2.19E+14,IN,Dent Repair Rear,Collision,2018,RAM,"1500 SLT 4X2 Quad Cab 6'4"" Box"
2.19E+14,IN,Fuel tank,Hole,2018,RAM,"1500 SLT 4X2 Quad Cab 6'4"" Box"
2.19E+14,IN,Tire repair,Flat- reparable,2018,RAM,"1500 SLT 4X2 Quad Cab 6'4"" Box"
2.23E+14,IN,Dent Repair Left Fender,Collision,2019,Chevrolet Silverado,1500 LD 4WD Double Cab LT w/1LT
2.27E+14,KS,Battery replacement,Dead battery,2016,RAM,"1500 4WD Quad Cab 140.5"" SLT"
2.27E+14,KS,Dent Repair Left Fender,Collision,2016,RAM,"1500 4WD Quad Cab 140.5"" SLT"
2.27E+14,KS,Tire replacement,Flat- hole not reparable,2016,RAM,"1500 4WD Quad Cab 140.5"" SLT"
2.31E+14,KS,Battery replacement,Dead battery,2016,RAM,"1500 4WD Quad Cab 140.5"" SLT"
2.34E+14,KS,Battery replacement,Dead battery,2016,RAM,"1500 4WD Quad Cab 140.5"" SLT"
2.38E+14,KS,Battery replacement,Dead battery,2017,Chevrolet Silverado,"1500 4WD Double Cab 143.5"" LT w/1LT"
2.38E+14,KS,Tire replacement,Flat- hole not reparable,2017,Chevrolet Silverado,"1500 4WD Double Cab 143.5"" LT w/1LT"
2.42E+14,KS,Windshield replacement,Crack,2018,Chevrolet Silverado,"1500 2WD Double Cab 143.5"" LT w/1LT"
2.46E+14,KS,Tire replacement,Flat- hole not reparable,2019,Chevrolet Silverado,1500 LD 4WD Double Cab LT w/1LT
2.46E+14,KS,Windshield replacement,Crack,2019,Chevrolet Silverado,1500 LD 4WD Double Cab LT w/1LT
2.50E+14,KS,Windshield replacement,Crack,2019,RAM,"1500 Classic SLT 4X2 Crew Cab 6'4"" Box"
2.54E+14,KY,Windshield replacement,Crack,2016,RAM,"1500 4WD Quad Cab 140.5"" SLT"
2.58E+14,KY,Battery replacement,Dead battery,2017,Chevrolet Silverado,"1500 4WD Double Cab 143.5"" LT w/1LT"
2.58E+14,KY,Dent Repair Left Fender,Collision,2017,Chevrolet Silverado,"1500 4WD Double Cab 143.5"" LT w/1LT"
2.58E+14,KY,Transmission,slips in and out of gear,2017,Chevrolet Silverado,"1500 4WD Double Cab 143.5"" LT w/1LT"
2.62E+14,KY,Tire replacement,Flat- hole not reparable,2018,RAM,"1500 SLT 4X2 Quad Cab 6'4"" Box"
2.66E+14,LA,Battery replacement,Dead battery,2016,RAM,"1500 4WD Quad Cab 140.5"" SLT"
2.70E+14,LA,Battery replacement,Dead battery,2016,RAM,"1500 4WD Quad Cab 140.5"" SLT"
2.74E+14,LA,Battery replacement,Dead battery,2016,RAM,"1500 4WD Quad Cab 140.5"" SLT"
2.78E+14,LA,Battery replacement,Dead battery,2016,RAM,"1500 4WD Quad Cab 140.5"" SLT"
2.82E+14,LA,Battery replacement,Dead battery,2017,Chevrolet Silverado,"1500 4WD Double Cab 143.5"" LT w/1LT"
2.82E+14,LA,Transmission,slips in and out of gear,2017,Chevrolet Silverado,"1500 4WD Double Cab 143.5"" LT w/1LT"
2.82E+14,LA,Windshield replacement,Crack,2017,Chevrolet Silverado,"1500 4WD Double Cab 143.5"" LT w/1LT"
2.86E+14,LA,Battery replacement,Dead battery,2017,Chevrolet Silverado,"1500 4WD Double Cab 143.5"" LT w/1LT"
2.90E+14,LA,Tire repair,Flat- reparable,2018,Chevrolet Silverado,"1500 2WD Double Cab 143.5"" LT w/1LT"
2.90E+14,LA,Tire replacement,Flat- hole not reparable,2018,Chevrolet Silverado,"1500 2WD Double Cab 143.5"" LT w/1LT"
2.94E+14,LA,Dent Repair Left Fender,Collision,2018,RAM,"1500 SLT 4X2 Quad Cab 6'4"" Box"
2.99E+14,LA,Tire repair,Flat- reparable,2019,Chevrolet Silverado,1500 LD 4WD Double Cab LT w/1LT
3.03E+14,LA,Tire repair,Flat- reparable,2019,RAM,"1500 Classic SLT 4X2 Crew Cab 6'4"" Box"
3.03E+14,LA,Tire replacement,Flat- hole not reparable,2019,RAM,"1500 Classic SLT 4X2 Crew Cab 6'4"" Box"
3.07E+14,MA,Fuel tank,Corrosion,2016,RAM,"1500 4WD Quad Cab 140.5"" SLT"
3.12E+14,MA,Fuel tank,Hole,2016,RAM,"1500 4WD Quad Cab 140.5"" SLT"
3.16E+14,MA,Fuel tank,Hole,2016,RAM,"1500 4WD Quad Cab 140.5"" SLT"
3.16E+14,MA,Shocks,Rust,2016,RAM,"1500 4WD Quad Cab 140.5"" SLT"
3.16E+14,MA,Struts,Rust,2016,RAM,"1500 4WD Quad Cab 140.5"" SLT"
3.20E+14,MA,Fuel tank,Hole,2016,RAM,"1500 4WD Quad Cab 140.5"" SLT"
3.25E+14,MA,Fuel tank,Hole,2016,RAM,"1500 4WD Quad Cab 140.5"" SLT"
3.29E+14,MA,Brake line replacement,Corrosion,2017,Chevrolet Silverado,"1500 4WD Double Cab 143.5"" LT w/1LT"
3.29E+14,MA,Fuel tank,Hole,2017,Chevrolet Silverado,"1500 4WD Double Cab 143.5"" LT w/1LT"
3.34E+14,MA,Battery replacement,Dead battery,2017,Chevrolet Silverado,"1500 4WD Double Cab 143.5"" LT w/1LT"
3.34E+14,MA,Fuel tank,Hole,2017,Chevrolet Silverado,"1500 4WD Double Cab 143.5"" LT w/1LT"
3.34E+14,MA,Transmission,slips in and out of gear,2017,Chevrolet Silverado,"1500 4WD Double Cab 143.5"" LT w/1LT"
3.38E+14,MA,Fuel tank,Hole,2017,Chevrolet Silverado,"1500 4WD Double Cab 143.5"" LT w/1LT"
3.43E+14,MA,Fuel tank,Hole,2017,Chevrolet Silverado,"1500 4WD Double Cab 143.5"" LT w/1LT"
3.43E+14,MA,Rocker Panel,Rust,2017,Chevrolet Silverado,"1500 4WD Double Cab 143.5"" LT w/1LT"
3.48E+14,MA,Fender replacement,Rust,2017,Chevrolet Silverado,"1500 4WD Double Cab 143.5"" LT w/1LT"
3.48E+14,MA,Fuel tank,Hole,2017,Chevrolet Silverado,"1500 4WD Double Cab 143.5"" LT w/1LT"
3.48E+14,MA,Rocker Panel,Rust,2017,Chevrolet Silverado,"1500 4WD Double Cab 143.5"" LT w/1LT"
3.52E+14,MA,Cab corner panel,Rust,2017,Chevrolet Silverado,"1500 4WD Double Cab 143.5"" LT w/1LT"
3.52E+14,MA,Fuel tank,Hole,2017,Chevrolet Silverado,"1500 4WD Double Cab 143.5"" LT w/1LT"
3.57E+14,MA,Tire repair,Flat- reparable,2018,Chevrolet Silverado,"1500 2WD Double Cab 143.5"" LT w/1LT"
3.61E+14,MA,Wheel Arch,Rust,2018,RAM,"1500 SLT 4X2 Quad Cab 6'4"" Box"
3.66E+14,MD,Fender replacement,Rust,2016,RAM,"1500 4WD Quad Cab 140.5"" SLT"
3.66E+14,MD,Fuel tank,Hole,2016,RAM,"1500 4WD Quad Cab 140.5"" SLT"
3.66E+14,MD,Shocks,Rust,2016,RAM,"1500 4WD Quad Cab 140.5"" SLT"
3.66E+14,MD,Struts,Rust,2016,RAM,"1500 4WD Quad Cab 140.5"" SLT"
3.71E+14,MD,Fuel tank,Hole,2016,RAM,"1500 4WD Quad Cab 140.5"" SLT"
3.71E+14,MD,Rocker Panel,Rust,2016,RAM,"1500 4WD Quad Cab 140.5"" SLT"
3.71E+14,MD,Wheel Arch,Rust,2016,RAM,"1500 4WD Quad Cab 140.5"" SLT"
3.76E+14,MD,Brake line replacement,Corrosion,2017,Chevrolet Silverado,"1500 4WD Double Cab 143.5"" LT w/1LT"
3.76E+14,MD,Cab corner panel,Rust,2017,Chevrolet Silverado,"1500 4WD Double Cab 143.5"" LT w/1LT"
3.76E+14,MD,Fender replacement,Rust,2017,Chevrolet Silverado,"1500 4WD Double Cab 143.5"" LT w/1LT"
3.76E+14,MD,Fuel tank,Corrosion,2017,Chevrolet Silverado,"1500 4WD Double Cab 143.5"" LT w/1LT"
3.80E+14,MD,Fender replacement,Rust,2017,Chevrolet Silverado,"1500 4WD Double Cab 143.5"" LT w/1LT"
3.80E+14,MD,Fuel tank,Hole,2017,Chevrolet Silverado,"1500 4WD Double Cab 143.5"" LT w/1LT"
3.85E+14,MD,Fender replacement,Rust,2017,Chevrolet Silverado,"1500 4WD Double Cab 143.5"" LT w/1LT"
3.90E+14,MD,Fender replacement,Rust,2017,Chevrolet Silverado,"1500 4WD Double Cab 143.5"" LT w/1LT"
3.95E+14,MD,Fender replacement,Rust,2017,Chevrolet Silverado,"1500 4WD Double Cab 143.5"" LT w/1LT"
4.00E+14,MD,Fender replacement,Rust,2017,Chevrolet Silverado,"1500 4WD Double Cab 143.5"" LT w/1LT"
4.05E+14,MD,Windshield replacement,Crack,2018,RAM,"1500 SLT 4X2 Quad Cab 6'4"" Box"
4.10E+14,MD,Tire replacement,Flat- hole not reparable,2019,Chevrolet Silverado,1500 LD 4WD Double Cab LT w/1LT
4.15E+14,MD,Dent Repair Rear,Collision,2019,RAM,"1500 Classic SLT 4X2 Crew Cab 6'4"" Box"
4.20E+14,ME,Fender replacement,Rust,2016,RAM,"1500 4WD Quad Cab 140.5"" SLT"
4.20E+14,ME,Fuel tank,Corrosion,2016,RAM,"1500 4WD Quad Cab 140.5"" SLT"
4.20E+14,ME,Shocks,Rust,2016,RAM,"1500 4WD Quad Cab 140.5"" SLT"
4.20E+14,ME,Struts,Rust,2016,RAM,"1500 4WD Quad Cab 140.5"" SLT"
4.25E+14,ME,Fender replacement,Rust,2016,RAM,"1500 4WD Quad Cab 140.5"" SLT"
4.30E+14,ME,Fender replacement,Rust,2016,RAM,"1500 4WD Quad Cab 140.5"" SLT"
4.35E+14,ME,Brake line replacement,Corrosion,2017,Chevrolet Silverado,"1500 4WD Double Cab 143.5"" LT w/1LT"
4.35E+14,ME,Cab corner panel,Rust,2017,Chevrolet Silverado,"1500 4WD Double Cab 143.5"" LT w/1LT"
4.35E+14,ME,Fender replacement,Rust,2017,Chevrolet Silverado,"1500 4WD Double Cab 143.5"" LT w/1LT"
4.35E+14,ME,Fuel tank,Hole,2017,Chevrolet Silverado,"1500 4WD Double Cab 143.5"" LT w/1LT"
4.35E+14,ME,Transmission,slips in and out of gear,2017,Chevrolet Silverado,"1500 4WD Double Cab 143.5"" LT w/1LT"
4.40E+14,ME,Fender replacement,Rust,2017,Chevrolet Silverado,"1500 4WD Double Cab 143.5"" LT w/1LT"
4.46E+14,ME,Fender replacement,Rust,2017,Chevrolet Silverado,"1500 4WD Double Cab 143.5"" LT w/1LT"
4.51E+14,ME,Fender replacement,Rust,2017,Chevrolet Silverado,"1500 4WD Double Cab 143.5"" LT w/1LT"
4.56E+14,ME,Fender replacement,Rust,2017,Chevrolet Silverado,"1500 4WD Double Cab 143.5"" LT w/1LT"
4.61E+14,ME,Fender replacement,Rust,2017,Chevrolet Silverado,"1500 4WD Double Cab 143.5"" LT w/1LT"
4.61E+14,ME,Rocker Panel,Rust,2017,Chevrolet Silverado,"1500 4WD Double Cab 143.5"" LT w/1LT"
4.61E+14,ME,Wheel Arch,Rust,2017,Chevrolet Silverado,"1500 4WD Double Cab 143.5"" LT w/1LT"
4.67E+14,ME,Fender replacement,Rust,2017,Chevrolet Silverado,"1500 4WD Double Cab 143.5"" LT w/1LT"
4.67E+14,ME,Rocker Panel,Rust,2017,Chevrolet Silverado,"1500 4WD Double Cab 143.5"" LT w/1LT"
4.72E+14,ME,Dent Repair Left Fender,Collision,2018,Chevrolet Silverado,"1500 2WD Double Cab 143.5"" LT w/1LT"
4.72E+14,ME,Windshield replacement,Crack,2018,Chevrolet Silverado,"1500 2WD Double Cab 143.5"" LT w/1LT"
4.77E+14,MI,Battery replacement,Dead battery,2016,RAM,"1500 4WD Quad Cab 140.5"" SLT"
4.77E+14,MI,Fuel tank,Hole,2016,RAM,"1500 4WD Quad Cab 140.5"" SLT"
4.77E+14,MI,Rocker Panel,Rust,2016,RAM,"1500 4WD Quad Cab 140.5"" SLT"
4.77E+14,MI,Shocks,Rust,2016,RAM,"1500 4WD Quad Cab 140.5"" SLT"
4.77E+14,MI,Struts,Rust,2016,RAM,"1500 4WD Quad Cab 140.5"" SLT"
4.77E+14,MI,Tire replacement,Flat- hole not reparable,2016,RAM,"1500 4WD Quad Cab 140.5"" SLT"
4.83E+14,MI,Struts,Rust,2016,RAM,"1500 4WD Quad Cab 140.5"" SLT"
4.88E+14,MI,Brake line replacement,Corrosion,2017,Chevrolet Silverado,"1500 4WD Double Cab 143.5"" LT w/1LT"
4.88E+14,MI,Cab corner panel,Rust,2017,Chevrolet Silverado,"1500 4WD Double Cab 143.5"" LT w/1LT"
4.88E+14,MI,Fender replacement,Rust,2017,Chevrolet Silverado,"1500 4WD Double Cab 143.5"" LT w/1LT"
4.88E+14,MI,Fuel tank,Corrosion,2017,Chevrolet Silverado,"1500 4WD Double Cab 143.5"" LT w/1LT"
4.88E+14,MI,Tire replacement,Flat- hole not reparable,2017,Chevrolet Silverado,"1500 4WD Double Cab 143.5"" LT w/1LT"
4.88E+14,MI,Transmission,slips in and out of gear,2017,Chevrolet Silverado,"1500 4WD Double Cab 143.5"" LT w/1LT"
4.94E+14,MI,Brake line replacement,Corrosion,2017,Chevrolet Silverado,"1500 4WD Double Cab 143.5"" LT w/1LT"
4.94E+14,MI,Fender replacement,Rust,2017,Chevrolet Silverado,"1500 4WD Double Cab 143.5"" LT w/1LT"
4.94E+14,MI,Fuel tank,Corrosion,2017,Chevrolet Silverado,"1500 4WD Double Cab 143.5"" LT w/1LT"
4.99E+14,MI,Fender replacement,Rust,2017,Chevrolet Silverado,"1500 4WD Double Cab 143.5"" LT w/1LT"
5.05E+14,MI,Fender replacement,Rust,2017,Chevrolet Silverado,"1500 4WD Double Cab 143.5"" LT w/1LT"
5.10E+14,MI,Fender replacement,Rust,2017,Chevrolet Silverado,"1500 4WD Double Cab 143.5"" LT w/1LT"
5.16E+14,MI,Fender replacement,Rust,2017,Chevrolet Silverado,"1500 4WD Double Cab 143.5"" LT w/1LT"
5.22E+14,MI,Fender replacement,Rust,2017,Chevrolet Silverado,"1500 4WD Double Cab 143.5"" LT w/1LT"
5.22E+14,MI,Rocker Panel,Rust,2017,Chevrolet Silverado,"1500 4WD Double Cab 143.5"" LT w/1LT"
5.22E+14,MI,Wheel Arch,Rust,2017,Chevrolet Silverado,"1500 4WD Double Cab 143.5"" LT w/1LT"
5.27E+14,MI,Rocker Panel,Rust,2017,Chevrolet Silverado,"1500 4WD Double Cab 143.5"" LT w/1LT"
5.33E+14,MI,Dent Repair Rear,Collision,2018,RAM,"1500 SLT 4X2 Quad Cab 6'4"" Box"
5.39E+14,MN,Rocker Panel,Rust,2016,RAM,"1500 4WD Quad Cab 140.5"" SLT"
5.39E+14,MI,Tire repair,Flat- reparable,2019,RAM,"1500 Classic SLT 4X2 Crew Cab 6'4"" Box"
5.44E+14,MN,Rocker Panel,Rust,2016,RAM,"1500 4WD Quad Cab 140.5"" SLT"
5.44E+14,MN,Shocks,Rust,2016,RAM,"1500 4WD Quad Cab 140.5"" SLT"
5.44E+14,MN,Struts,Rust,2016,RAM,"1500 4WD Quad Cab 140.5"" SLT"
5.50E+14,MN,Rocker Panel,Rust,2016,RAM,"1500 4WD Quad Cab 140.5"" SLT"
5.50E+14,MN,Struts,Rust,2016,RAM,"1500 4WD Quad Cab 140.5"" SLT"
5.56E+14,MN,Rocker Panel,Rust,2016,RAM,"1500 4WD Quad Cab 140.5"" SLT"
5.62E+14,MN,Brake line replacement,Corrosion,2017,Chevrolet Silverado,"1500 4WD Double Cab 143.5"" LT w/1LT"
5.62E+14,MN,Cab corner panel,Rust,2017,Chevrolet Silverado,"1500 4WD Double Cab 143.5"" LT w/1LT"
5.62E+14,MN,Fender replacement,Rust,2017,Chevrolet Silverado,"1500 4WD Double Cab 143.5"" LT w/1LT"
5.62E+14,MN,Fuel tank,Corrosion,2017,Chevrolet Silverado,"1500 4WD Double Cab 143.5"" LT w/1LT"
5.62E+14,MN,Rocker Panel,Rust,2017,Chevrolet Silverado,"1500 4WD Double Cab 143.5"" LT w/1LT"
5.68E+14,MN,Cab corner panel,Rust,2017,Chevrolet Silverado,"1500 4WD Double Cab 143.5"" LT w/1LT"
5.68E+14,MN,Fuel tank,Hole,2017,Chevrolet Silverado,"1500 4WD Double Cab 143.5"" LT w/1LT"
5.68E+14,MN,Rocker Panel,Rust,2017,Chevrolet Silverado,"1500 4WD Double Cab 143.5"" LT w/1LT"
5.74E+14,MN,Rocker Panel,Rust,2017,Chevrolet Silverado,"1500 4WD Double Cab 143.5"" LT w/1LT"
5.80E+14,MN,Rocker Panel,Rust,2017,Chevrolet Silverado,"1500 4WD Double Cab 143.5"" LT w/1LT"
5.86E+14,MN,Rocker Panel,Rust,2017,Chevrolet Silverado,"1500 4WD Double Cab 143.5"" LT w/1LT"
5.92E+14,MN,Rocker Panel,Rust,2017,Chevrolet Silverado,"1500 4WD Double Cab 143.5"" LT w/1LT"
5.98E+14,MN,Dent Repair Rear,Collision,2018,Chevrolet Silverado,"1500 2WD Double Cab 143.5"" LT w/1LT"
5.98E+14,MN,Tire replacement,Flat- hole not reparable,2018,Chevrolet Silverado,"1500 2WD Double Cab 143.5"" LT w/1LT"
6.04E+14,MN,Tire replacement,Flat- hole not reparable,2018,RAM,"1500 SLT 4X2 Quad Cab 6'4"" Box"
6.04E+14,MN,Wheel Arch,Rust,2018,RAM,"1500 SLT 4X2 Quad Cab 6'4"" Box"
6.10E+14,MN,Windshield replacement,Crack,2019,Chevrolet Silverado,1500 LD 4WD Double Cab LT w/1LT
6.16E+14,MN,Dent Repair Rear,Collision,2019,RAM,"1500 Classic SLT 4X2 Crew Cab 6'4"" Box"
6.16E+14,MN,Windshield replacement,Crack,2019,RAM,"1500 Classic SLT 4X2 Crew Cab 6'4"" Box"
6.22E+14,MO,Fuel tank,Hole,2016,RAM,"1500 4WD Quad Cab 140.5"" SLT"
6.22E+14,MO,Rocker Panel,Rust,2016,RAM,"1500 4WD Quad Cab 140.5"" SLT"
6.22E+14,MO,Windshield replacement,Crack,2016,RAM,"1500 4WD Quad Cab 140.5"" SLT"
6.28E+14,MO,Rocker Panel,Rust,2016,RAM,"1500 4WD Quad Cab 140.5"" SLT"
6.34E+14,MO,Rocker Panel,Rust,2016,RAM,"1500 4WD Quad Cab 140.5"" SLT"
6.34E+14,MO,Shocks,Rust,2016,RAM,"1500 4WD Quad Cab 140.5"" SLT"
6.34E+14,MO,Struts,Rust,2016,RAM,"1500 4WD Quad Cab 140.5"" SLT"
6.41E+14,MO,Brake line replacement,Corrosion,2017,Chevrolet Silverado,"1500 4WD Double Cab 143.5"" LT w/1LT"
6.41E+14,MO,Cab corner panel,Rust,2017,Chevrolet Silverado,"1500 4WD Double Cab 143.5"" LT w/1LT"
6.41E+14,MO,Fender replacement,Rust,2017,Chevrolet Silverado,"1500 4WD Double Cab 143.5"" LT w/1LT"
6.41E+14,MO,Fuel tank,Corrosion,2017,Chevrolet Silverado,"1500 4WD Double Cab 143.5"" LT w/1LT"
6.41E+14,MO,Fuel tank,Hole,2017,Chevrolet Silverado,"1500 4WD Double Cab 143.5"" LT w/1LT"
6.41E+14,MO,Rocker Panel,Rust,2017,Chevrolet Silverado,"1500 4WD Double Cab 143.5"" LT w/1LT"
6.41E+14,MO,Windshield replacement,Crack,2017,Chevrolet Silverado,"1500 4WD Double Cab 143.5"" LT w/1LT"
6.47E+14,MO,Rocker Panel,Rust,2017,Chevrolet Silverado,"1500 4WD Double Cab 143.5"" LT w/1LT"
6.53E+14,MO,Rocker Panel,Rust,2017,Chevrolet Silverado,"1500 4WD Double Cab 143.5"" LT w/1LT"
6.59E+14,MO,Rocker Panel,Rust,2017,Chevrolet Silverado,"1500 4WD Double Cab 143.5"" LT w/1LT"
6.66E+14,MO,Rocker Panel,Rust,2017,Chevrolet Silverado,"1500 4WD Double Cab 143.5"" LT w/1LT"
6.72E+14,MO,Rocker Panel,Rust,2017,Chevrolet Silverado,"1500 4WD Double Cab 143.5"" LT w/1LT"
6.79E+14,MO,Rocker Panel,Rust,2017,Chevrolet Silverado,"1500 4WD Double Cab 143.5"" LT w/1LT"
6.79E+14,MO,Transmission,slips in and out of gear,2017,Chevrolet Silverado,"1500 4WD Double Cab 143.5"" LT w/1LT"
6.79E+14,MO,Wheel Arch,Rust,2017,Chevrolet Silverado,"1500 4WD Double Cab 143.5"" LT w/1LT"
6.85E+14,MO,Tire repair,Flat- reparable,2019,Chevrolet Silverado,1500 LD 4WD Double Cab LT w/1LT
6.85E+14,MO,Tire replacement,Flat- hole not reparable,2019,Chevrolet Silverado,1500 LD 4WD Double Cab LT w/1LT
6.91E+14,MO,Dent Repair Left Fender,Collision,2019,RAM,"1500 Classic SLT 4X2 Crew Cab 6'4"" Box"
6.91E+14,MO,Tire replacement,Flat- hole not reparable,2019,RAM,"1500 Classic SLT 4X2 Crew Cab 6'4"" Box"
6.98E+14,MS,Tire replacement,Flat- hole not reparable,2016,RAM,"1500 4WD Quad Cab 140.5"" SLT"
7.05E+14,MS,Battery replacement,Dead battery,2017,Chevrolet Silverado,"1500 4WD Double Cab 143.5"" LT w/1LT"
7.05E+14,MS,Tire replacement,Flat- hole not reparable,2017,Chevrolet Silverado,"1500 4WD Double Cab 143.5"" LT w/1LT"
7.11E+14,MS,Tire repair,Flat- reparable,2018,Chevrolet Silverado,"1500 2WD Double Cab 143.5"" LT w/1LT"
7.18E+14,MS,Dent Repair Rear,Collision,2018,RAM,"1500 SLT 4X2 Quad Cab 6'4"" Box"
7.24E+14,MT,Dent Repair Left Fender,Collision,2016,RAM,"1500 4WD Quad Cab 140.5"" SLT"
7.24E+14,MT,Windshield replacement,Crack,2016,RAM,"1500 4WD Quad Cab 140.5"" SLT"
7.31E+14,MT,Dent Repair Rear,Collision,2018,Chevrolet Silverado,"1500 2WD Double Cab 143.5"" LT w/1LT"
7.31E+14,MT,Tire replacement,Flat- hole not reparable,2018,Chevrolet Silverado,"1500 2WD Double Cab 143.5"" LT w/1LT"
7.38E+14,MT,Tire replacement,Flat- hole not reparable,2018,RAM,"1500 SLT 4X2 Quad Cab 6'4"" Box"
7.44E+14,MT,Dent Repair Left Fender,Collision,2019,Chevrolet Silverado,1500 LD 4WD Double Cab LT w/1LT
7.44E+14,MT,Tire repair,Flat- reparable,2019,Chevrolet Silverado,1500 LD 4WD Double Cab LT w/1LT
7.51E+14,MT,Tire repair,Flat- reparable,2019,RAM,"1500 Classic SLT 4X2 Crew Cab 6'4"" Box"
7.58E+14,NC,Tire repair,Flat- reparable,2016,RAM,"1500 4WD Quad Cab 140.5"" SLT"
7.65E+14,NC,Dent Repair Left Fender,Collision,2017,Chevrolet Silverado,"1500 4WD Double Cab 143.5"" LT w/1LT"
7.72E+14,NC,Tire repair,Flat- reparable,2018,Chevrolet Silverado,"1500 2WD Double Cab 143.5"" LT w/1LT"
7.78E+14,NC,Tire replacement,Flat- hole not reparable,2019,Chevrolet Silverado,1500 LD 4WD Double Cab LT w/1LT
7.85E+14,NC,Tire replacement,Flat- hole not reparable,2019,RAM,"1500 Classic SLT 4X2 Crew Cab 6'4"" Box"
7.92E+14,ND,Battery replacement,Dead battery,2016,RAM,"1500 4WD Quad Cab 140.5"" SLT"
7.99E+14,ND,Battery replacement,Dead battery,2016,RAM,"1500 4WD Quad Cab 140.5"" SLT"
7.99E+14,ND,Tire replacement,Flat- hole not reparable,2016,RAM,"1500 4WD Quad Cab 140.5"" SLT"
8.06E+14,ND,Battery replacement,Dead battery,2017,Chevrolet Silverado,"1500 4WD Double Cab 143.5"" LT w/1LT"
8.06E+14,ND,Tire repair,Flat- reparable,2017,Chevrolet Silverado,"1500 4WD Double Cab 143.5"" LT w/1LT"
8.06E+14,ND,Tire replacement,Flat- hole not reparable,2017,Chevrolet Silverado,"1500 4WD Double Cab 143.5"" LT w/1LT"
8.06E+14,ND,Transmission,slips in and out of gear,2017,Chevrolet Silverado,"1500 4WD Double Cab 143.5"" LT w/1LT"
8.06E+14,ND,Windshield replacement,Crack,2017,Chevrolet Silverado,"1500 4WD Double Cab 143.5"" LT w/1LT"
8.13E+14,ND,Tire repair,Flat- reparable,2018,RAM,"1500 SLT 4X2 Quad Cab 6'4"" Box"
8.20E+14,NE,Battery replacement,Dead battery,2017,Chevrolet Silverado,"1500 4WD Double Cab 143.5"" LT w/1LT"
8.27E+14,NE,Dent Repair Left Fender,Collision,2018,Chevrolet Silverado,"1500 2WD Double Cab 143.5"" LT w/1LT"
8.27E+14,NE,Tire repair,Flat- reparable,2018,Chevrolet Silverado,"1500 2WD Double Cab 143.5"" LT w/1LT"
8.35E+14,NE,Dent Repair Left Fender,Collision,2018,RAM,"1500 SLT 4X2 Quad Cab 6'4"" Box"
8.42E+14,NE,Dent Repair Left Fender,Collision,2019,Chevrolet Silverado,1500 LD 4WD Double Cab LT w/1LT
8.42E+14,NE,Tire repair,Flat- reparable,2019,Chevrolet Silverado,1500 LD 4WD Double Cab LT w/1LT
8.49E+14,NE,Dent Repair Left Fender,Collision,2019,RAM,"1500 Classic SLT 4X2 Crew Cab 6'4"" Box"
8.49E+14,NE,Dent Repair Rear,Collision,2019,RAM,"1500 Classic SLT 4X2 Crew Cab 6'4"" Box"
8.49E+14,NE,Tire repair,Flat- reparable,2019,RAM,"1500 Classic SLT 4X2 Crew Cab 6'4"" Box"
8.56E+14,NH,Fuel tank,Hole,2016,RAM,"1500 4WD Quad Cab 140.5"" SLT"
8.56E+14,NH,Rocker Panel,Rust,2016,RAM,"1500 4WD Quad Cab 140.5"" SLT"
8.56E+14,NH,Shocks,Rust,2016,RAM,"1500 4WD Quad Cab 140.5"" SLT"
8.56E+14,NH,Struts,Rust,2016,RAM,"1500 4WD Quad Cab 140.5"" SLT"
8.63E+14,NH,Brake line replacement,Corrosion,2017,Chevrolet Silverado,"1500 4WD Double Cab 143.5"" LT w/1LT"
8.63E+14,NH,Cab corner panel,Rust,2017,Chevrolet Silverado,"1500 4WD Double Cab 143.5"" LT w/1LT"
8.63E+14,NH,Fender replacement,Rust,2017,Chevrolet Silverado,"1500 4WD Double Cab 143.5"" LT w/1LT"
8.63E+14,NH,Fuel tank,Corrosion,2017,Chevrolet Silverado,"1500 4WD Double Cab 143.5"" LT w/1LT"
8.63E+14,NH,Rocker Panel,Rust,2017,Chevrolet Silverado,"1500 4WD Double Cab 143.5"" LT w/1LT"
8.71E+14,NH,Cab corner panel,Rust,2017,Chevrolet Silverado,"1500 4WD Double Cab 143.5"" LT w/1LT"
8.78E+14,NH,Cab corner panel,Rust,2017,Chevrolet Silverado,"1500 4WD Double Cab 143.5"" LT w/1LT"
8.85E+14,NH,Cab corner panel,Rust,2017,Chevrolet Silverado,"1500 4WD Double Cab 143.5"" LT w/1LT"
8.93E+14,NH,Cab corner panel,Rust,2017,Chevrolet Silverado,"1500 4WD Double Cab 143.5"" LT w/1LT"
9.00E+14,NH,Cab corner panel,Rust,2017,Chevrolet Silverado,"1500 4WD Double Cab 143.5"" LT w/1LT"
9.07E+14,NH,Cab corner panel,Rust,2017,Chevrolet Silverado,"1500 4WD Double Cab 143.5"" LT w/1LT"
9.15E+14,NH,Dent Repair Left Fender,Collision,2018,Chevrolet Silverado,"1500 2WD Double Cab 143.5"" LT w/1LT"
9.53E+14,NH,Rocker Panel,Rust,2018,RAM,"1500 SLT 4X2 Quad Cab 6'4"" Box"
9.53E+14,NH,Tire replacement,Flat- hole not reparable,2018,RAM,"1500 SLT 4X2 Quad Cab 6'4"" Box"
9.53E+14,NH,Wheel Arch,Rust,2018,RAM,"1500 SLT 4X2 Quad Cab 6'4"" Box"
9.53E+14,NH,Windshield replacement,Crack,2018,RAM,"1500 SLT 4X2 Quad Cab 6'4"" Box"
9.60E+14,NJ,Battery replacement,Dead battery,2016,RAM,"1500 4WD Quad Cab 140.5"" SLT"
9.60E+14,NJ,Cab corner panel,Rust,2016,RAM,"1500 4WD Quad Cab 140.5"" SLT"
9.68E+14,NJ,Cab corner panel,Rust,2016,RAM,"1500 4WD Quad Cab 140.5"" SLT"
9.76E+14,NJ,Cab corner panel,Rust,2016,RAM,"1500 4WD Quad Cab 140.5"" SLT"
9.83E+14,NJ,Cab corner panel,Rust,2016,RAM,"1500 4WD Quad Cab 140.5"" SLT"
9.91E+14,NJ,Cab corner panel,Rust,2016,RAM,"1500 4WD Quad Cab 140.5"" SLT"
9.99E+14,NJ,Cab corner panel,Rust,2016,RAM,"1500 4WD Quad Cab 140.5"" SLT"
1.01E+15,NJ,Cab corner panel,Rust,2016,RAM,"1500 4WD Quad Cab 140.5"" SLT"
1.01E+15,NJ,Cab corner panel,Rust,2016,RAM,"1500 4WD Quad Cab 140.5"" SLT"
1.02E+15,NJ,Cab corner panel,Rust,2016,RAM,"1500 4WD Quad Cab 140.5"" SLT"
1.03E+15,NJ,Cab corner panel,Rust,2016,RAM,"1500 4WD Quad Cab 140.5"" SLT"
1.03E+15,NJ,Shocks,Rust,2016,RAM,"1500 4WD Quad Cab 140.5"" SLT"
1.03E+15,NJ,Struts,Rust,2016,RAM,"1500 4WD Quad Cab 140.5"" SLT"
1.04E+15,NJ,Battery replacement,Dead battery,2017,Chevrolet Silverado,"1500 4WD Double Cab 143.5"" LT w/1LT"
1.04E+15,NJ,Brake line replacement,Corrosion,2017,Chevrolet Silverado,"1500 4WD Double Cab 143.5"" LT w/1LT"
1.04E+15,NJ,Fender replacement,Rust,2017,Chevrolet Silverado,"1500 4WD Double Cab 143.5"" LT w/1LT"
1.04E+15,NJ,Fuel tank,Corrosion,2017,Chevrolet Silverado,"1500 4WD Double Cab 143.5"" LT w/1LT"
1.04E+15,NJ,Wheel Arch,Rust,2017,Chevrolet Silverado,"1500 4WD Double Cab 143.5"" LT w/1LT"
1.05E+15,NJ,Fuel tank,Hole,2017,Chevrolet Silverado,"1500 4WD Double Cab 143.5"" LT w/1LT"
1.05E+15,NJ,Tire replacement,Flat- hole not reparable,2018,Chevrolet Silverado,"1500 2WD Double Cab 143.5"" LT w/1LT"
1.06E+15,NJ,Rocker Panel,Rust,2018,RAM,"1500 SLT 4X2 Quad Cab 6'4"" Box"
1.07E+15,NJ,Rocker Panel,Rust,2018,RAM,"1500 SLT 4X2 Quad Cab 6'4"" Box"
1.08E+15,NM,Battery replacement,Dead battery,2016,RAM,"1500 4WD Quad Cab 140.5"" SLT"
1.09E+15,NM,Dent Repair Rear,Collision,2018,Chevrolet Silverado,"1500 2WD Double Cab 143.5"" LT w/1LT"
1.09E+15,NM,Tire replacement,Flat- hole not reparable,2019,Chevrolet Silverado,1500 LD 4WD Double Cab LT w/1LT
1.09E+15,NM,Windshield replacement,Crack,2018,Chevrolet Silverado,"1500 2WD Double Cab 143.5"" LT w/1LT"
1.09E+15,NM,Dent Repair Rear,Collision,2018,RAM,"1500 SLT 4X2 Quad Cab 6'4"" Box"
1.10E+15,NM,Dent Repair Left Fender,Collision,2019,RAM,"1500 Classic SLT 4X2 Crew Cab 6'4"" Box"
1.10E+15,NM,Tire replacement,Flat- hole not reparable,2019,RAM,"1500 Classic SLT 4X2 Crew Cab 6'4"" Box"
1.11E+15,NV,Battery replacement,Dead battery,2016,RAM,"1500 4WD Quad Cab 140.5"" SLT"
1.11E+15,NV,Tire repair,Flat- reparable,2016,RAM,"1500 4WD Quad Cab 140.5"" SLT"
1.12E+15,NV,Battery replacement,Dead battery,2017,Chevrolet Silverado,"1500 4WD Double Cab 143.5"" LT w/1LT"
1.12E+15,NV,Tire repair,Flat- reparable,2017,Chevrolet Silverado,"1500 4WD Double Cab 143.5"" LT w/1LT"
1.13E+15,NV,Dent Repair Left Fender,Collision,2019,Chevrolet Silverado,1500 LD 4WD Double Cab LT w/1LT
1.14E+15,NY,Brake line replacement,Corrosion,2016,RAM,"1500 4WD Quad Cab 140.5"" SLT"
1.14E+15,NY,Cab corner panel,Rust,2016,RAM,"1500 4WD Quad Cab 140.5"" SLT"
1.14E+15,NY,Fuel tank,Hole,2016,RAM,"1500 4WD Quad Cab 140.5"" SLT"
1.14E+15,NY,Cab corner panel,Rust,2016,RAM,"1500 4WD Quad Cab 140.5"" SLT"
1.15E+15,NY,Cab corner panel,Rust,2016,RAM,"1500 4WD Quad Cab 140.5"" SLT"
1.16E+15,NY,Cab corner panel,Rust,2016,RAM,"1500 4WD Quad Cab 140.5"" SLT"
1.17E+15,NY,Cab corner panel,Rust,2016,RAM,"1500 4WD Quad Cab 140.5"" SLT"
1.18E+15,NY,Cab corner panel,Rust,2016,RAM,"1500 4WD Quad Cab 140.5"" SLT"
1.18E+15,NY,Shocks,Rust,2016,RAM,"1500 4WD Quad Cab 140.5"" SLT"
1.18E+15,NY,Struts,Rust,2016,RAM,"1500 4WD Quad Cab 140.5"" SLT"
1.19E+15,NY,Cab corner panel,Rust,2016,RAM,"1500 4WD Quad Cab 140.5"" SLT"
1.19E+15,NY,Shocks,Rust,2016,RAM,"1500 4WD Quad Cab 140.5"" SLT"
1.19E+15,NY,Struts,Rust,2016,RAM,"1500 4WD Quad Cab 140.5"" SLT"
1.19E+15,NY,Fender replacement,Rust,2017,Chevrolet Silverado,"1500 4WD Double Cab 143.5"" LT w/1LT"
1.19E+15,NY,Fuel tank,Corrosion,2017,Chevrolet Silverado,"1500 4WD Double Cab 143.5"" LT w/1LT"
1.19E+15,NY,Wheel Arch,Rust,2017,Chevrolet Silverado,"1500 4WD Double Cab 143.5"" LT w/1LT"
1.20E+15,NY,Wheel Arch,Rust,2017,Chevrolet Silverado,"1500 4WD Double Cab 143.5"" LT w/1LT"
1.21E+15,NY,Dent Repair Left Fender,Collision,2018,Chevrolet Silverado,"1500 2WD Double Cab 143.5"" LT w/1LT"
1.21E+15,NY,Tire replacement,Flat- hole not reparable,2018,Chevrolet Silverado,"1500 2WD Double Cab 143.5"" LT w/1LT"
1.22E+15,NY,Rocker Panel,Rust,2018,RAM,"1500 SLT 4X2 Quad Cab 6'4"" Box"
1.22E+15,NY,Wheel Arch,Rust,2018,RAM,"1500 SLT 4X2 Quad Cab 6'4"" Box"
1.23E+15,NY,Rocker Panel,Rust,2018,RAM,"1500 SLT 4X2 Quad Cab 6'4"" Box"
1.23E+15,NY,Wheel Arch,Rust,2018,RAM,"1500 SLT 4X2 Quad Cab 6'4"" Box"
1.24E+15,NY,Tire replacement,Flat- hole not reparable,2019,RAM,"1500 Classic SLT 4X2 Crew Cab 6'4"" Box"
1.25E+15,OH,Brake line replacement,Corrosion,2016,RAM,"1500 4WD Quad Cab 140.5"" SLT"
1.25E+15,OH,Cab corner panel,Rust,2016,RAM,"1500 4WD Quad Cab 140.5"" SLT"
1.25E+15,OH,Shocks,Rust,2016,RAM,"1500 4WD Quad Cab 140.5"" SLT"
1.25E+15,OH,Struts,Rust,2016,RAM,"1500 4WD Quad Cab 140.5"" SLT"
1.26E+15,OH,Cab corner panel,Rust,2017,Chevrolet Silverado,"1500 4WD Double Cab 143.5"" LT w/1LT"
1.26E+15,OH,Fender replacement,Rust,2017,Chevrolet Silverado,"1500 4WD Double Cab 143.5"" LT w/1LT"
1.26E+15,OH,Fuel tank,Corrosion,2017,Chevrolet Silverado,"1500 4WD Double Cab 143.5"" LT w/1LT"
1.26E+15,OH,Wheel Arch,Rust,2017,Chevrolet Silverado,"1500 4WD Double Cab 143.5"" LT w/1LT"
1.26E+15,OH,Fuel tank,Hole,2017,Chevrolet Silverado,"1500 4WD Double Cab 143.5"" LT w/1LT"
1.26E+15,OH,Wheel Arch,Rust,2017,Chevrolet Silverado,"1500 4WD Double Cab 143.5"" LT w/1LT"
1.27E+15,OH,Wheel Arch,Rust,2017,Chevrolet Silverado,"1500 4WD Double Cab 143.5"" LT w/1LT"
1.28E+15,OH,Transmission,slips in and out of gear,2017,Chevrolet Silverado,"1500 4WD Double Cab 143.5"" LT w/1LT"
1.28E+15,OH,Wheel Arch,Rust,2017,Chevrolet Silverado,"1500 4WD Double Cab 143.5"" LT w/1LT"
1.29E+15,OH,Transmission,slips in and out of gear,2017,Chevrolet Silverado,"1500 4WD Double Cab 143.5"" LT w/1LT"
1.29E+15,OH,Wheel Arch,Rust,2017,Chevrolet Silverado,"1500 4WD Double Cab 143.5"" LT w/1LT"
1.30E+15,OH,Rocker Panel,Rust,2018,RAM,"1500 SLT 4X2 Quad Cab 6'4"" Box"
1.30E+15,OH,Wheel Arch,Rust,2018,RAM,"1500 SLT 4X2 Quad Cab 6'4"" Box"
1.31E+15,OH,Rocker Panel,Rust,2018,RAM,"1500 SLT 4X2 Quad Cab 6'4"" Box"
1.31E+15,OH,Wheel Arch,Rust,2018,RAM,"1500 SLT 4X2 Quad Cab 6'4"" Box"
1.32E+15,OH,Wheel Arch,Rust,2018,RAM,"1500 SLT 4X2 Quad Cab 6'4"" Box"
1.33E+15,OH,Wheel Arch,Rust,2018,RAM,"1500 SLT 4X2 Quad Cab 6'4"" Box"
1.34E+15,OH,Wheel Arch,Rust,2018,RAM,"1500 SLT 4X2 Quad Cab 6'4"" Box"
1.34E+15,OH,Wheel Arch,Rust,2018,RAM,"1500 SLT 4X2 Quad Cab 6'4"" Box"
1.35E+15,OH,Tire replacement,Flat- hole not reparable,2019,Chevrolet Silverado,1500 LD 4WD Double Cab LT w/1LT
1.36E+15,OH,Dent Repair Left Fender,Collision,2019,RAM,"1500 Classic SLT 4X2 Crew Cab 6'4"" Box"
1.36E+15,OH,Dent Repair Rear,Collision,2019,RAM,"1500 Classic SLT 4X2 Crew Cab 6'4"" Box"
1.36E+15,OH,Windshield replacement,Crack,2019,RAM,"1500 Classic SLT 4X2 Crew Cab 6'4"" Box"
1.37E+15,OK,Battery replacement,Dead battery,2016,RAM,"1500 4WD Quad Cab 140.5"" SLT"
1.37E+15,OK,Tire repair,Flat- reparable,2016,RAM,"1500 4WD Quad Cab 140.5"" SLT"
1.37E+15,OK,Windshield replacement,Crack,2016,RAM,"1500 4WD Quad Cab 140.5"" SLT"
1.38E+15,OK,Tire repair,Flat- reparable,2017,Chevrolet Silverado,"1500 4WD Double Cab 143.5"" LT w/1LT"
1.38E+15,OK,Transmission,slips in and out of gear,2017,Chevrolet Silverado,"1500 4WD Double Cab 143.5"" LT w/1LT"
1.39E+15,OK,Transmission,slips in and out of gear,2017,Chevrolet Silverado,"1500 4WD Double Cab 143.5"" LT w/1LT"
1.40E+15,OK,Transmission,slips in and out of gear,2017,Chevrolet Silverado,"1500 4WD Double Cab 143.5"" LT w/1LT"
1.41E+15,OK,Transmission,slips in and out of gear,2017,Chevrolet Silverado,"1500 4WD Double Cab 143.5"" LT w/1LT"
1.42E+15,OK,Transmission,slips in and out of gear,2017,Chevrolet Silverado,"1500 4WD Double Cab 143.5"" LT w/1LT"
1.43E+15,OK,Transmission,slips in and out of gear,2017,Chevrolet Silverado,"1500 4WD Double Cab 143.5"" LT w/1LT"
1.44E+15,OK,Tire repair,Flat- reparable,2018,Chevrolet Silverado,"1500 2WD Double Cab 143.5"" LT w/1LT"
1.44E+15,OK,Tire replacement,Flat- hole not reparable,2018,Chevrolet Silverado,"1500 2WD Double Cab 143.5"" LT w/1LT"
1.45E+15,OK,Tire repair,Flat- reparable,2018,Chevrolet Silverado,"1500 2WD Double Cab 143.5"" LT w/1LT"
1.45E+15,OK,Tire replacement,Flat- hole not reparable,2018,Chevrolet Silverado,"1500 2WD Double Cab 143.5"" LT w/1LT"
1.46E+15,OK,Dent Repair Left Fender,Collision,2019,Chevrolet Silverado,1500 LD 4WD Double Cab LT w/1LT
1.46E+15,OK,Dent Repair Rear,Collision,2018,RAM,"1500 SLT 4X2 Quad Cab 6'4"" Box"
1.46E+15,OK,Tire repair,Flat- reparable,2018,RAM,"1500 SLT 4X2 Quad Cab 6'4"" Box"
1.46E+15,OK,Tire repair,Flat- reparable,2018,RAM,"1500 SLT 4X2 Quad Cab 6'4"" Box"
1.47E+15,OK,Tire repair,Flat- reparable,2019,Chevrolet Silverado,1500 LD 4WD Double Cab LT w/1LT
1.47E+15,OK,Windshield replacement,Crack,2019,Chevrolet Silverado,1500 LD 4WD Double Cab LT w/1LT
1.48E+15,OK,Tire repair,Flat- reparable,2019,Chevrolet Silverado,1500 LD 4WD Double Cab LT w/1LT
1.48E+15,OK,Tire replacement,Flat- hole not reparable,2019,Chevrolet Silverado,1500 LD 4WD Double Cab LT w/1LT
1.49E+15,OK,Tire repair,Flat- reparable,2019,RAM,"1500 Classic SLT 4X2 Crew Cab 6'4"" Box"
1.49E+15,OK,Tire replacement,Flat- hole not reparable,2019,RAM,"1500 Classic SLT 4X2 Crew Cab 6'4"" Box"
1.50E+15,OR,Tire replacement,Flat- hole not reparable,2016,RAM,"1500 4WD Quad Cab 140.5"" SLT"
1.51E+15,OR,Battery replacement,Dead battery,2017,Chevrolet Silverado,"1500 4WD Double Cab 143.5"" LT w/1LT"
1.51E+15,OR,Tire replacement,Flat- hole not reparable,2017,Chevrolet Silverado,"1500 4WD Double Cab 143.5"" LT w/1LT"
1.51E+15,OR,Windshield replacement,Crack,2017,Chevrolet Silverado,"1500 4WD Double Cab 143.5"" LT w/1LT"
1.52E+15,PA,Battery replacement,Dead battery,2016,RAM,"1500 4WD Quad Cab 140.5"" SLT"
1.52E+15,PA,Brake line replacement,Corrosion,2016,RAM,"1500 4WD Quad Cab 140.5"" SLT"
1.52E+15,PA,Cab corner panel,Rust,2016,RAM,"1500 4WD Quad Cab 140.5"" SLT"
1.52E+15,PA,Fender replacement,Rust,2016,RAM,"1500 4WD Quad Cab 140.5"" SLT"
1.52E+15,PA,Fuel tank,Hole,2016,RAM,"1500 4WD Quad Cab 140.5"" SLT"
1.52E+15,PA,Shocks,Rust,2016,RAM,"1500 4WD Quad Cab 140.5"" SLT"
1.52E+15,PA,Struts,Rust,2016,RAM,"1500 4WD Quad Cab 140.5"" SLT"
1.52E+15,PA,Tire repair,Flat- reparable,2016,RAM,"1500 4WD Quad Cab 140.5"" SLT"
1.52E+15,OR,Windshield replacement,Crack,2018,RAM,"1500 SLT 4X2 Quad Cab 6'4"" Box"
1.53E+15,PA,Struts,Rust,2016,RAM,"1500 4WD Quad Cab 140.5"" SLT"
1.54E+15,PA,Fender replacement,Rust,2017,Chevrolet Silverado,"1500 4WD Double Cab 143.5"" LT w/1LT"
1.54E+15,PA,Fuel tank,Corrosion,2017,Chevrolet Silverado,"1500 4WD Double Cab 143.5"" LT w/1LT"
1.54E+15,PA,Tire repair,Flat- reparable,2017,Chevrolet Silverado,"1500 4WD Double Cab 143.5"" LT w/1LT"
1.54E+15,PA,Wheel Arch,Rust,2017,Chevrolet Silverado,"1500 4WD Double Cab 143.5"" LT w/1LT"
1.55E+15,PA,Wheel Arch,Rust,2017,Chevrolet Silverado,"1500 4WD Double Cab 143.5"" LT w/1LT"
1.56E+15,PA,Wheel Arch,Rust,2017,Chevrolet Silverado,"1500 4WD Double Cab 143.5"" LT w/1LT"
1.57E+15,PA,Wheel Arch,Rust,2017,Chevrolet Silverado,"1500 4WD Double Cab 143.5"" LT w/1LT"
1.58E+15,PA,Wheel Arch,Rust,2017,Chevrolet Silverado,"1500 4WD Double Cab 143.5"" LT w/1LT"
1.59E+15,PA,Wheel Arch,Rust,2017,Chevrolet Silverado,"1500 4WD Double Cab 143.5"" LT w/1LT"
1.60E+15,PA,Dent Repair Left Fender,Collision,2018,Chevrolet Silverado,"1500 2WD Double Cab 143.5"" LT w/1LT"
1.60E+15,PA,Windshield replacement,Crack,2018,Chevrolet Silverado,"1500 2WD Double Cab 143.5"" LT w/1LT"
1.61E+15,PA,Rocker Panel,Rust,2018,RAM,"1500 SLT 4X2 Quad Cab 6'4"" Box"
1.61E+15,PA,Wheel Arch,Rust,2018,RAM,"1500 SLT 4X2 Quad Cab 6'4"" Box"
1.62E+15,PA,Wheel Arch,Rust,2018,RAM,"1500 SLT 4X2 Quad Cab 6'4"" Box"
1.63E+15,PA,Wheel Arch,Rust,2018,RAM,"1500 SLT 4X2 Quad Cab 6'4"" Box"
1.64E+15,PA,Wheel Arch,Rust,2018,RAM,"1500 SLT 4X2 Quad Cab 6'4"" Box"
1.65E+15,PA,Wheel Arch,Rust,2018,RAM,"1500 SLT 4X2 Quad Cab 6'4"" Box"
1.66E+15,RI,Brake line replacement,Corrosion,2016,RAM,"1500 4WD Quad Cab 140.5"" SLT"
1.66E+15,RI,Fender replacement,Rust,2016,RAM,"1500 4WD Quad Cab 140.5"" SLT"
1.66E+15,RI,Rocker Panel,Rust,2016,RAM,"1500 4WD Quad Cab 140.5"" SLT"
1.66E+15,RI,Shocks,Rust,2016,RAM,"1500 4WD Quad Cab 140.5"" SLT"
1.66E+15,RI,Struts,Rust,2016,RAM,"1500 4WD Quad Cab 140.5"" SLT"
1.67E+15,RI,Struts,Rust,2016,RAM,"1500 4WD Quad Cab 140.5"" SLT"
1.68E+15,RI,Cab corner panel,Rust,2017,Chevrolet Silverado,"1500 4WD Double Cab 143.5"" LT w/1LT"
1.68E+15,RI,Fender replacement,Rust,2017,Chevrolet Silverado,"1500 4WD Double Cab 143.5"" LT w/1LT"
1.68E+15,RI,Fuel tank,Corrosion,2017,Chevrolet Silverado,"1500 4WD Double Cab 143.5"" LT w/1LT"
1.68E+15,RI,Wheel Arch,Rust,2017,Chevrolet Silverado,"1500 4WD Double Cab 143.5"" LT w/1LT"
1.69E+15,RI,Fender replacement,Rust,2017,Chevrolet Silverado,"1500 4WD Double Cab 143.5"" LT w/1LT"
1.69E+15,RI,Fuel tank,Hole,2017,Chevrolet Silverado,"1500 4WD Double Cab 143.5"" LT w/1LT"
1.70E+15,RI,Transmission,slips in and out of gear,2018,Chevrolet Silverado,"1500 2WD Double Cab 143.5"" LT w/1LT"
1.71E+15,RI,Wheel Arch,Rust,2018,RAM,"1500 SLT 4X2 Quad Cab 6'4"" Box"
1.72E+15,RI,Wheel Arch,Rust,2018,RAM,"1500 SLT 4X2 Quad Cab 6'4"" Box"
1.73E+15,RI,Windshield replacement,Crack,2019,Chevrolet Silverado,1500 LD 4WD Double Cab LT w/1LT
1.74E+15,RI,Windshield replacement,Crack,2019,RAM,"1500 Classic SLT 4X2 Crew Cab 6'4"" Box"
1.75E+15,SC,Transmission,slips in and out of gear,2016,RAM,"1500 4WD Quad Cab 140.5"" SLT"
1.75E+15,SC,Windshield replacement,Crack,2016,RAM,"1500 4WD Quad Cab 140.5"" SLT"
1.76E+15,SC,Transmission,slips in and out of gear,2016,RAM,"1500 4WD Quad Cab 140.5"" SLT"
1.77E+15,SC,Transmission,slips in and out of gear,2016,RAM,"1500 4WD Quad Cab 140.5"" SLT"
1.78E+15,SC,Transmission,slips in and out of gear,2016,RAM,"1500 4WD Quad Cab 140.5"" SLT"
1.79E+15,SC,Transmission,slips in and out of gear,2016,RAM,"1500 4WD Quad Cab 140.5"" SLT"
1.80E+15,SC,Transmission,slips in and out of gear,2016,RAM,"1500 4WD Quad Cab 140.5"" SLT"
1.81E+15,SC,Transmission,slips in and out of gear,2016,RAM,"1500 4WD Quad Cab 140.5"" SLT"
1.82E+15,SC,Transmission,slips in and out of gear,2016,RAM,"1500 4WD Quad Cab 140.5"" SLT"
1.84E+15,SC,Windshield replacement,Crack,2017,Chevrolet Silverado,"1500 4WD Double Cab 143.5"" LT w/1LT"
1.85E+15,SC,Dent Repair Rear,Collision,2018,Chevrolet Silverado,"1500 2WD Double Cab 143.5"" LT w/1LT"
1.85E+15,SC,Tire repair,Flat- reparable,2018,Chevrolet Silverado,"1500 2WD Double Cab 143.5"" LT w/1LT"
1.85E+15,SC,Transmission,slips in and out of gear,2018,Chevrolet Silverado,"1500 2WD Double Cab 143.5"" LT w/1LT"
1.86E+15,SC,Tire repair,Flat- reparable,2018,RAM,"1500 SLT 4X2 Quad Cab 6'4"" Box"
1.87E+15,SD,Tire replacement,Flat- hole not reparable,2018,Chevrolet Silverado,"1500 2WD Double Cab 143.5"" LT w/1LT"
1.87E+15,SD,Windshield replacement,Crack,2018,Chevrolet Silverado,"1500 2WD Double Cab 143.5"" LT w/1LT"
1.88E+15,SD,Dent Repair Rear,Collision,2018,RAM,"1500 SLT 4X2 Quad Cab 6'4"" Box"
1.88E+15,SD,Tire replacement,Flat- hole not reparable,2018,RAM,"1500 SLT 4X2 Quad Cab 6'4"" Box"
1.88E+15,SD,Windshield replacement,Crack,2018,RAM,"1500 SLT 4X2 Quad Cab 6'4"" Box"
1.89E+15,SD,Dent Repair Left Fender,Collision,2019,RAM,"1500 Classic SLT 4X2 Crew Cab 6'4"" Box"
1.89E+15,SD,Dent Repair Rear,Collision,2019,RAM,"1500 Classic SLT 4X2 Crew Cab 6'4"" Box"
1.89E+15,SD,Tire repair,Flat- reparable,2019,RAM,"1500 Classic SLT 4X2 Crew Cab 6'4"" Box"
1.89E+15,SD,Windshield replacement,Crack,2019,RAM,"1500 Classic SLT 4X2 Crew Cab 6'4"" Box"
1.90E+15,TN,Battery replacement,Dead battery,2016,RAM,"1500 4WD Quad Cab 140.5"" SLT"
1.90E+15,TN,Transmission,slips in and out of gear,2016,RAM,"1500 4WD Quad Cab 140.5"" SLT"
1.91E+15,TN,Battery replacement,Dead battery,2016,RAM,"1500 4WD Quad Cab 140.5"" SLT"
1.92E+15,TN,Battery replacement,Dead battery,2016,RAM,"1500 4WD Quad Cab 140.5"" SLT"
1.93E+15,TN,Battery replacement,Dead battery,2017,Chevrolet Silverado,"1500 4WD Double Cab 143.5"" LT w/1LT"
1.94E+15,TN,Battery replacement,Dead battery,2017,Chevrolet Silverado,"1500 4WD Double Cab 143.5"" LT w/1LT"
1.95E+15,TN,Battery replacement,Dead battery,2017,Chevrolet Silverado,"1500 4WD Double Cab 143.5"" LT w/1LT"
1.96E+15,TN,Dent Repair Rear,Collision,2018,Chevrolet Silverado,"1500 2WD Double Cab 143.5"" LT w/1LT"
1.98E+15,TN,Tire repair,Flat- reparable,2019,Chevrolet Silverado,1500 LD 4WD Double Cab LT w/1LT
1.98E+15,TN,Windshield replacement,Crack,2019,Chevrolet Silverado,1500 LD 4WD Double Cab LT w/1LT
1.99E+15,TX,Windshield replacement,Crack,2016,RAM,"1500 4WD Quad Cab 140.5"" SLT"
1.99E+15,TX,Windshield replacement,Crack,2016,RAM,"1500 4WD Quad Cab 140.5"" SLT"
2.00E+15,TX,Battery replacement,Dead battery,2016,RAM,"1500 4WD Quad Cab 140.5"" SLT"
2.01E+15,TX,Battery replacement,Dead battery,2017,Chevrolet Silverado,"1500 4WD Double Cab 143.5"" LT w/1LT"
2.01E+15,TX,Wheel Arch,Rust,2017,Chevrolet Silverado,"1500 4WD Double Cab 143.5"" LT w/1LT"
2.01E+15,TX,Windshield replacement,Crack,2017,Chevrolet Silverado,"1500 4WD Double Cab 143.5"" LT w/1LT"
2.02E+15,TX,Windshield replacement,Crack,2017,Chevrolet Silverado,"1500 4WD Double Cab 143.5"" LT w/1LT"
2.03E+15,TX,Tire repair,Flat- reparable,2018,Chevrolet Silverado,"1500 2WD Double Cab 143.5"" LT w/1LT"
2.04E+15,TX,Windshield replacement,Crack,2018,RAM,"1500 SLT 4X2 Quad Cab 6'4"" Box"
2.05E+15,TX,Dent Repair Left Fender,Collision,2019,Chevrolet Silverado,1500 LD 4WD Double Cab LT w/1LT
2.06E+15,TX,Dent Repair Rear,Collision,2019,RAM,"1500 Classic SLT 4X2 Crew Cab 6'4"" Box"
2.08E+15,UT,Windshield replacement,Crack,2016,RAM,"1500 4WD Quad Cab 140.5"" SLT"
2.09E+15,UT,Windshield replacement,Crack,2017,Chevrolet Silverado,"1500 4WD Double Cab 143.5"" LT w/1LT"
2.10E+15,UT,Dent Repair Left Fender,Collision,2018,Chevrolet Silverado,"1500 2WD Double Cab 143.5"" LT w/1LT"
2.10E+15,UT,Windshield replacement,Crack,2018,Chevrolet Silverado,"1500 2WD Double Cab 143.5"" LT w/1LT"
2.11E+15,UT,Windshield replacement,Crack,2018,RAM,"1500 SLT 4X2 Quad Cab 6'4"" Box"
2.12E+15,UT,Windshield replacement,Crack,2019,Chevrolet Silverado,1500 LD 4WD Double Cab LT w/1LT
2.13E+15,UT,Dent Repair Left Fender,Collision,2019,RAM,"1500 Classic SLT 4X2 Crew Cab 6'4"" Box"
2.13E+15,UT,Tire repair,Flat- reparable,2019,RAM,"1500 Classic SLT 4X2 Crew Cab 6'4"" Box"
2.13E+15,UT,Tire replacement,Flat- hole not reparable,2019,RAM,"1500 Classic SLT 4X2 Crew Cab 6'4"" Box"
2.13E+15,UT,Windshield replacement,Crack,2019,RAM,"1500 Classic SLT 4X2 Crew Cab 6'4"" Box"
2.14E+15,VA,Brake line replacement,Corrosion,2016,RAM,"1500 4WD Quad Cab 140.5"" SLT"
2.14E+15,VA,Cab corner panel,Rust,2016,RAM,"1500 4WD Quad Cab 140.5"" SLT"
2.14E+15,VA,Fuel tank,Hole,2016,RAM,"1500 4WD Quad Cab 140.5"" SLT"
2.14E+15,VA,Shocks,Rust,2016,RAM,"1500 4WD Quad Cab 140.5"" SLT"
2.14E+15,VA,Tire replacement,Flat- hole not reparable,2016,RAM,"1500 4WD Quad Cab 140.5"" SLT"
2.15E+15,VA,Brake line replacement,Corrosion,2016,RAM,"1500 4WD Quad Cab 140.5"" SLT"
2.15E+15,VA,Shocks,Rust,2016,RAM,"1500 4WD Quad Cab 140.5"" SLT"
2.17E+15,VA,Shocks,Rust,2016,RAM,"1500 4WD Quad Cab 140.5"" SLT"
2.18E+15,VA,Shocks,Rust,2016,RAM,"1500 4WD Quad Cab 140.5"" SLT"
2.19E+15,VA,Shocks,Rust,2016,RAM,"1500 4WD Quad Cab 140.5"" SLT"
2.20E+15,VA,Shocks,Rust,2016,RAM,"1500 4WD Quad Cab 140.5"" SLT"
2.21E+15,VA,Shocks,Rust,2016,RAM,"1500 4WD Quad Cab 140.5"" SLT"
2.22E+15,VA,Struts,Rust,2016,RAM,"1500 4WD Quad Cab 140.5"" SLT"
2.24E+15,VA,Struts,Rust,2016,RAM,"1500 4WD Quad Cab 140.5"" SLT"
2.25E+15,VA,Struts,Rust,2016,RAM,"1500 4WD Quad Cab 140.5"" SLT"
2.26E+15,VA,Struts,Rust,2016,RAM,"1500 4WD Quad Cab 140.5"" SLT"
2.27E+15,VA,Battery replacement,Dead battery,2017,Chevrolet Silverado,"1500 4WD Double Cab 143.5"" LT w/1LT"
2.27E+15,VA,Fender replacement,Rust,2017,Chevrolet Silverado,"1500 4WD Double Cab 143.5"" LT w/1LT"
2.27E+15,VA,Fuel tank,Corrosion,2017,Chevrolet Silverado,"1500 4WD Double Cab 143.5"" LT w/1LT"
2.27E+15,VA,Rocker Panel,Rust,2017,Chevrolet Silverado,"1500 4WD Double Cab 143.5"" LT w/1LT"
2.27E+15,VA,Wheel Arch,Rust,2017,Chevrolet Silverado,"1500 4WD Double Cab 143.5"" LT w/1LT"
2.28E+15,VA,Rocker Panel,Rust,2017,Chevrolet Silverado,"1500 4WD Double Cab 143.5"" LT w/1LT"
2.29E+15,VA,Wheel Arch,Rust,2018,RAM,"1500 SLT 4X2 Quad Cab 6'4"" Box"
2.29E+15,VA,Windshield replacement,Crack,2018,Chevrolet Silverado,"1500 2WD Double Cab 143.5"" LT w/1LT"
2.31E+15,VA,Tire repair,Flat- reparable,2019,Chevrolet Silverado,1500 LD 4WD Double Cab LT w/1LT
2.31E+15,VA,Tire replacement,Flat- hole not reparable,2019,Chevrolet Silverado,1500 LD 4WD Double Cab LT w/1LT
2.32E+15,VT,Battery replacement,Dead battery,2016,RAM,"1500 4WD Quad Cab 140.5"" SLT"
2.32E+15,VT,Brake line replacement,Corrosion,2016,RAM,"1500 4WD Quad Cab 140.5"" SLT"
2.32E+15,VT,Fender replacement,Rust,2016,RAM,"1500 4WD Quad Cab 140.5"" SLT"
2.32E+15,VT,Rocker Panel,Rust,2016,RAM,"1500 4WD Quad Cab 140.5"" SLT"
2.32E+15,VT,Shocks,Rust,2016,RAM,"1500 4WD Quad Cab 140.5"" SLT"
2.32E+15,VT,Struts,Rust,2016,RAM,"1500 4WD Quad Cab 140.5"" SLT"
2.32E+15,VT,Struts,Rust,2016,RAM,"1500 4WD Quad Cab 140.5"" SLT"
2.33E+15,VT,Shocks,Rust,2016,RAM,"1500 4WD Quad Cab 140.5"" SLT"
2.33E+15,VT,Struts,Rust,2016,RAM,"1500 4WD Quad Cab 140.5"" SLT"
2.34E+15,VT,Shocks,Rust,2016,RAM,"1500 4WD Quad Cab 140.5"" SLT"
2.34E+15,VT,Struts,Rust,2016,RAM,"1500 4WD Quad Cab 140.5"" SLT"
2.35E+15,VT,Shocks,Rust,2016,RAM,"1500 4WD Quad Cab 140.5"" SLT"
2.35E+15,VT,Struts,Rust,2016,RAM,"1500 4WD Quad Cab 140.5"" SLT"
2.37E+15,VT,Shocks,Rust,2016,RAM,"1500 4WD Quad Cab 140.5"" SLT"
2.37E+15,VT,Struts,Rust,2016,RAM,"1500 4WD Quad Cab 140.5"" SLT"
2.38E+15,VT,Cab corner panel,Rust,2017,Chevrolet Silverado,"1500 4WD Double Cab 143.5"" LT w/1LT"
2.38E+15,VT,Fender replacement,Rust,2017,Chevrolet Silverado,"1500 4WD Double Cab 143.5"" LT w/1LT"
2.38E+15,VT,Fuel tank,Corrosion,2017,Chevrolet Silverado,"1500 4WD Double Cab 143.5"" LT w/1LT"
2.39E+15,VT,Fuel tank,Hole,2017,Chevrolet Silverado,"1500 4WD Double Cab 143.5"" LT w/1LT"
2.40E+15,VT,Tire repair,Flat- reparable,2018,Chevrolet Silverado,"1500 2WD Double Cab 143.5"" LT w/1LT"
2.41E+15,WA,Battery replacement,Dead battery,2016,RAM,"1500 4WD Quad Cab 140.5"" SLT"
2.41E+15,VT,Dent Repair Rear,Collision,2018,RAM,"1500 SLT 4X2 Quad Cab 6'4"" Box"
2.41E+15,VT,Wheel Arch,Rust,2018,RAM,"1500 SLT 4X2 Quad Cab 6'4"" Box"
2.43E+15,WA,Tire replacement,Flat- hole not reparable,2017,Chevrolet Silverado,"1500 4WD Double Cab 143.5"" LT w/1LT"
2.44E+15,WA,Dent Repair Left Fender,Collision,2019,Chevrolet Silverado,1500 LD 4WD Double Cab LT w/1LT
2.44E+15,WA,Tire repair,Flat- reparable,2019,Chevrolet Silverado,1500 LD 4WD Double Cab LT w/1LT
2.45E+15,WA,Tire repair,Flat- reparable,2019,RAM,"1500 Classic SLT 4X2 Crew Cab 6'4"" Box"
2.45E+15,WA,Windshield replacement,Crack,2019,RAM,"1500 Classic SLT 4X2 Crew Cab 6'4"" Box"
2.46E+15,WI,Battery replacement,Dead battery,2016,RAM,"1500 4WD Quad Cab 140.5"" SLT"
2.46E+15,WI,Cab corner panel,Rust,2016,RAM,"1500 4WD Quad Cab 140.5"" SLT"
2.46E+15,WI,Fuel tank,Hole,2016,RAM,"1500 4WD Quad Cab 140.5"" SLT"
2.46E+15,WI,Shocks,Rust,2016,RAM,"1500 4WD Quad Cab 140.5"" SLT"
2.46E+15,WI,Struts,Rust,2016,RAM,"1500 4WD Quad Cab 140.5"" SLT"
2.46E+15,WI,Tire repair,Flat- reparable,2016,RAM,"1500 4WD Quad Cab 140.5"" SLT"
2.48E+15,WI,Shocks,Rust,2016,RAM,"1500 4WD Quad Cab 140.5"" SLT"
2.48E+15,WI,Struts,Rust,2016,RAM,"1500 4WD Quad Cab 140.5"" SLT"
2.49E+15,WI,Shocks,Rust,2016,RAM,"1500 4WD Quad Cab 140.5"" SLT"
2.49E+15,WI,Struts,Rust,2016,RAM,"1500 4WD Quad Cab 140.5"" SLT"
2.50E+15,WI,Shocks,Rust,2016,RAM,"1500 4WD Quad Cab 140.5"" SLT"
2.50E+15,WI,Struts,Rust,2016,RAM,"1500 4WD Quad Cab 140.5"" SLT"
2.51E+15,WI,Shocks,Rust,2016,RAM,"1500 4WD Quad Cab 140.5"" SLT"
2.51E+15,WI,Shocks,Rust,2016,RAM,"1500 4WD Quad Cab 140.5"" SLT"
2.51E+15,WI,Struts,Rust,2016,RAM,"1500 4WD Quad Cab 140.5"" SLT"
2.52E+15,WI,Battery replacement,Dead battery,2017,Chevrolet Silverado,"1500 4WD Double Cab 143.5"" LT w/1LT"
2.52E+15,WI,Brake line replacement,Corrosion,2017,Chevrolet Silverado,"1500 4WD Double Cab 143.5"" LT w/1LT"
2.52E+15,WI,Fender replacement,Rust,2017,Chevrolet Silverado,"1500 4WD Double Cab 143.5"" LT w/1LT"
2.52E+15,WI,Fuel tank,Corrosion,2017,Chevrolet Silverado,"1500 4WD Double Cab 143.5"" LT w/1LT"
2.52E+15,WI,Rocker Panel,Rust,2017,Chevrolet Silverado,"1500 4WD Double Cab 143.5"" LT w/1LT"
2.52E+15,WI,Wheel Arch,Rust,2017,Chevrolet Silverado,"1500 4WD Double Cab 143.5"" LT w/1LT"
2.54E+15,WI,Dent Repair Rear,Collision,2018,Chevrolet Silverado,"1500 2WD Double Cab 143.5"" LT w/1LT"
2.54E+15,WI,Tire repair,Flat- reparable,2018,Chevrolet Silverado,"1500 2WD Double Cab 143.5"" LT w/1LT"
2.55E+15,WI,Wheel Arch,Rust,2018,RAM,"1500 SLT 4X2 Quad Cab 6'4"" Box"
2.56E+15,WI,Windshield replacement,Crack,2019,Chevrolet Silverado,1500 LD 4WD Double Cab LT w/1LT
2.57E+15,WV,Brake line replacement,Corrosion,2016,RAM,"1500 4WD Quad Cab 140.5"" SLT"
2.57E+15,WV,Fender replacement,Rust,2016,RAM,"1500 4WD Quad Cab 140.5"" SLT"
2.57E+15,WV,Shocks,Rust,2016,RAM,"1500 4WD Quad Cab 140.5"" SLT"
2.57E+15,WV,Windshield replacement,Crack,2016,RAM,"1500 4WD Quad Cab 140.5"" SLT"
2.59E+15,WV,Shocks,Rust,2016,RAM,"1500 4WD Quad Cab 140.5"" SLT"
2.60E+15,WV,Shocks,Rust,2016,RAM,"1500 4WD Quad Cab 140.5"" SLT"
2.61E+15,WV,Shocks,Rust,2016,RAM,"1500 4WD Quad Cab 140.5"" SLT"
2.62E+15,WV,Shocks,Rust,2016,RAM,"1500 4WD Quad Cab 140.5"" SLT"
2.64E+15,WV,Shocks,Rust,2016,RAM,"1500 4WD Quad Cab 140.5"" SLT"
2.64E+15,WV,Struts,Rust,2016,RAM,"1500 4WD Quad Cab 140.5"" SLT"
2.65E+15,WV,Shocks,Rust,2016,RAM,"1500 4WD Quad Cab 140.5"" SLT"
2.65E+15,WV,Struts,Rust,2016,RAM,"1500 4WD Quad Cab 140.5"" SLT"
2.66E+15,WV,Shocks,Rust,2016,RAM,"1500 4WD Quad Cab 140.5"" SLT"
2.66E+15,WV,Struts,Rust,2016,RAM,"1500 4WD Quad Cab 140.5"" SLT"
2.68E+15,WV,Shocks,Rust,2016,RAM,"1500 4WD Quad Cab 140.5"" SLT"
2.68E+15,WV,Transmission,slips in and out of gear,2016,RAM,"1500 4WD Quad Cab 140.5"" SLT"
2.69E+15,WV,Fuel tank,Corrosion,2017,Chevrolet Silverado,"1500 4WD Double Cab 143.5"" LT w/1LT"
2.69E+15,WV,Fuel tank,Hole,2017,Chevrolet Silverado,"1500 4WD Double Cab 143.5"" LT w/1LT"
2.69E+15,WV,Tire repair,Flat- reparable,2017,Chevrolet Silverado,"1500 4WD Double Cab 143.5"" LT w/1LT"
2.70E+15,WV,Cab corner panel,Rust,2017,Chevrolet Silverado,"1500 4WD Double Cab 143.5"" LT w/1LT"
2.70E+15,WV,Fender replacement,Rust,2017,Chevrolet Silverado,"1500 4WD Double Cab 143.5"" LT w/1LT"
2.70E+15,WV,Fuel tank,Hole,2017,Chevrolet Silverado,"1500 4WD Double Cab 143.5"" LT w/1LT"
2.70E+15,WV,Rocker Panel,Rust,2017,Chevrolet Silverado,"1500 4WD Double Cab 143.5"" LT w/1LT"
2.70E+15,WV,Wheel Arch,Rust,2017,Chevrolet Silverado,"1500 4WD Double Cab 143.5"" LT w/1LT"
2.71E+15,WV,Dent Repair Left Fender,Collision,2018,Chevrolet Silverado,"1500 2WD Double Cab 143.5"" LT w/1LT"
2.73E+15,WV,Tire repair,Flat- reparable,2018,RAM,"1500 SLT 4X2 Quad Cab 6'4"" Box"
2.73E+15,WV,Tire replacement,Flat- hole not reparable,2018,RAM,"1500 SLT 4X2 Quad Cab 6'4"" Box"
2.74E+15,WY,Battery replacement,Dead battery,2017,Chevrolet Silverado,"1500 4WD Double Cab 143.5"" LT w/1LT"
2.74E+15,WY,Tire repair,Flat- reparable,2018,Chevrolet Silverado,"1500 2WD Double Cab 143.5"" LT w/1LT"
2.74E+15,WY,Tire replacement,Flat- hole not reparable,2018,Chevrolet Silverado,"1500 2WD Double Cab 143.5"" LT w/1LT"
2.74E+15,WY,Windshield replacement,Crack,2017,Chevrolet Silverado,"1500 4WD Double Cab 143.5"" LT w/1LT"
2.75E+15,WY,Tire repair,Flat- reparable,2019,Chevrolet Silverado,1500 LD 4WD Double Cab LT w/1LT
2.77E+15,WY,Tire repair,Flat- reparable,2019,RAM,"1500 Classic SLT 4X2 Crew Cab 6'4"" Box"
2.77E+15,WY,Tire replacement,Flat- hole not reparable,2019,RAM,"1500 Classic SLT 4X2 Crew Cab 6'4"" Box"
2.82E+15,CT,Tire repair,Flat- reparable,2018,Chevrolet Silverado,"1500 2WD Double Cab 143.5"" LT w/1LT"
2.83E+15,DE,Fuel tank,Corrosion,2016,RAM,"1500 4WD Quad Cab 140.5"" SLT"
2.95E+15,IA,Fuel tank,Hole,2018,Chevrolet Silverado,"1500 2WD Double Cab 143.5"" LT w/1LT"
2.95E+15,IA,Tire replacement,Flat- hole not reparable,2018,Chevrolet Silverado,"1500 2WD Double Cab 143.5"" LT w/1LT"
2.96E+15,IA,Tire repair,Flat- reparable,2019,Chevrolet Silverado,1500 LD 4WD Double Cab LT w/1LT
3.02E+15,ID,Tire replacement,Flat- hole not reparable,2018,Chevrolet Silverado,"1500 2WD Double Cab 143.5"" LT w/1LT"
3.09E+15,IA,Fuel tank,Corrosion,2017,Chevrolet Silverado,"1500 4WD Double Cab 143.5"" LT w/1LT"
3.11E+15,NH,Cab corner panel,Rust,2017,Chevrolet Silverado,"1500 4WD Double Cab 143.5"" LT w/1LT"